{
    "name": "root",
    "gauges": {
        "MoveToGoal.Policy.Entropy.mean": {
            "value": 1.3779908418655396,
            "min": 1.3779908418655396,
            "max": 1.4137567281723022,
            "count": 5
        },
        "MoveToGoal.Policy.Entropy.sum": {
            "value": 68895.40625,
            "min": 68895.40625,
            "max": 71332.5078125,
            "count": 5
        },
        "MoveToGoal.Environment.EpisodeLength.mean": {
            "value": 23.65012285012285,
            "min": 23.65012285012285,
            "max": 74.0464135021097,
            "count": 5
        },
        "MoveToGoal.Environment.EpisodeLength.sum": {
            "value": 48128.0,
            "min": 45734.0,
            "max": 52647.0,
            "count": 5
        },
        "MoveToGoal.Step.mean": {
            "value": 249972.0,
            "min": 49999.0,
            "max": 249972.0,
            "count": 5
        },
        "MoveToGoal.Step.sum": {
            "value": 249972.0,
            "min": 49999.0,
            "max": 249972.0,
            "count": 5
        },
        "MoveToGoal.Policy.ExtrinsicValueEstimate.mean": {
            "value": 437.4299621582031,
            "min": -3.3257040977478027,
            "max": 437.4299621582031,
            "count": 5
        },
        "MoveToGoal.Policy.ExtrinsicValueEstimate.sum": {
            "value": 920352.625,
            "min": -4655.98583984375,
            "max": 920352.625,
            "count": 5
        },
        "MoveToGoal.Environment.CumulativeReward.mean": {
            "value": 41691.552062868366,
            "min": -90975.2808988764,
            "max": 41691.552062868366,
            "count": 5
        },
        "MoveToGoal.Environment.CumulativeReward.sum": {
            "value": 84884000.0,
            "min": -80968000.0,
            "max": 84884000.0,
            "count": 5
        },
        "MoveToGoal.Policy.ExtrinsicReward.mean": {
            "value": 41691.552062868366,
            "min": -90975.2808988764,
            "max": 41691.552062868366,
            "count": 5
        },
        "MoveToGoal.Policy.ExtrinsicReward.sum": {
            "value": 84884000.0,
            "min": -80968000.0,
            "max": 84884000.0,
            "count": 5
        },
        "MoveToGoal.Losses.PolicyLoss.mean": {
            "value": 0.022998907531922064,
            "min": 0.022132157191323738,
            "max": 0.025148782995529473,
            "count": 5
        },
        "MoveToGoal.Losses.PolicyLoss.sum": {
            "value": 0.11499453765961032,
            "min": 0.10059513198211789,
            "max": 0.11499453765961032,
            "count": 5
        },
        "MoveToGoal.Losses.ValueLoss.mean": {
            "value": 1284312763.3066669,
            "min": 210402618.08,
            "max": 1299116154.6833332,
            "count": 5
        },
        "MoveToGoal.Losses.ValueLoss.sum": {
            "value": 6421563816.533334,
            "min": 1052013090.4000001,
            "max": 6421563816.533334,
            "count": 5
        },
        "MoveToGoal.Policy.LearningRate.mean": {
            "value": 0.00016443676518776003,
            "min": 0.00016443676518776003,
            "max": 0.00028456620514459997,
            "count": 5
        },
        "MoveToGoal.Policy.LearningRate.sum": {
            "value": 0.0008221838259388002,
            "min": 0.0008221838259388002,
            "max": 0.0012840762719746,
            "count": 5
        },
        "MoveToGoal.Policy.Epsilon.mean": {
            "value": 0.15481224,
            "min": 0.15481224,
            "max": 0.1948554,
            "count": 5
        },
        "MoveToGoal.Policy.Epsilon.sum": {
            "value": 0.7740612,
            "min": 0.7740612,
            "max": 0.9280254000000002,
            "count": 5
        },
        "MoveToGoal.Policy.Beta.mean": {
            "value": 0.002745130776,
            "min": 0.002745130776,
            "max": 0.00474328446,
            "count": 5
        },
        "MoveToGoal.Policy.Beta.sum": {
            "value": 0.01372565388,
            "min": 0.01372565388,
            "max": 0.021408467460000004,
            "count": 5
        },
        "MoveToGoal.IsTraining.mean": {
            "value": 1.0,
            "min": 1.0,
            "max": 1.0,
            "count": 5
        },
        "MoveToGoal.IsTraining.sum": {
            "value": 1.0,
            "min": 1.0,
            "max": 1.0,
            "count": 5
        }
    },
    "metadata": {
        "timer_format_version": "0.1.0",
        "start_time_seconds": "1715978286",
        "python_version": "3.10.12 | packaged by Anaconda, Inc. | (main, Jul  5 2023, 19:01:18) [MSC v.1916 64 bit (AMD64)]",
        "command_line_arguments": "C:\\Users\\0937786\\AppData\\Local\\miniconda3\\envs\\mlagents\\Scripts\\mlagents-learn --initialize-from=randomLocationsDoors2 --run-id=randomLocationsDoors6",
        "mlagents_version": "1.1.0.dev0",
        "mlagents_envs_version": "1.1.0.dev0",
        "communication_protocol_version": "1.5.0",
        "pytorch_version": "2.2.2+cu121",
        "numpy_version": "1.23.5",
        "end_time_seconds": "1715978494"
    },
    "total": 207.8096549999973,
    "count": 1,
    "self": 0.006421199992473703,
    "children": {
        "run_training.setup": {
            "total": 0.08315140000195242,
            "count": 1,
            "self": 0.08315140000195242
        },
        "TrainerController.start_learning": {
            "total": 207.72008240000287,
            "count": 1,
            "self": 0.3673348994780099,
            "children": {
                "TrainerController._reset_env": {
                    "total": 12.721862899998087,
                    "count": 1,
                    "self": 12.721862899998087
                },
                "TrainerController.advance": {
                    "total": 194.5267919005346,
                    "count": 22935,
                    "self": 0.33605050046753604,
                    "children": {
                        "env_step": {
                            "total": 125.18316479951318,
                            "count": 22935,
                            "self": 94.73302480019629,
                            "children": {
                                "SubprocessEnvManager._take_step": {
                                    "total": 30.242152200145938,
                                    "count": 22935,
                                    "self": 0.8787269002277753,
                                    "children": {
                                        "TorchPolicy.evaluate": {
                                            "total": 29.363425299918163,
                                            "count": 16951,
                                            "self": 29.363425299918163
                                        }
                                    }
                                },
                                "workers": {
                                    "total": 0.2079877991709509,
                                    "count": 22934,
                                    "self": 0.0,
                                    "children": {
                                        "worker_root": {
                                            "total": 191.0748809999568,
                                            "count": 22934,
                                            "is_parallel": true,
                                            "self": 120.78326000017842,
                                            "children": {
                                                "steps_from_proto": {
                                                    "total": 0.0002719999974942766,
                                                    "count": 1,
                                                    "is_parallel": true,
                                                    "self": 9.919999138219282e-05,