{
    "name": "root",
    "gauges": {
        "MoveToDoor.Policy.Entropy.mean": {
            "value": 1.4102779626846313,
            "min": 1.4102779626846313,
            "max": 1.4269758462905884,
            "count": 7
        },
        "MoveToDoor.Policy.Entropy.sum": {
            "value": 70557.6171875,
            "min": 70557.6171875,
            "max": 71689.78125,
            "count": 7
        },
        "MoveToDoor.Environment.EpisodeLength.mean": {
            "value": 15.502806206668868,
            "min": 15.502806206668868,
            "max": 148.96,
            "count": 7
        },
        "MoveToDoor.Environment.EpisodeLength.sum": {
            "value": 46958.0,
            "min": 46958.0,
            "max": 50641.0,
            "count": 7
        },
        "MoveToDoor.Step.mean": {
            "value": 349990.0,
            "min": 49971.0,
            "max": 349990.0,
            "count": 7
        },
        "MoveToDoor.Step.sum": {
            "value": 349990.0,
            "min": 49971.0,
            "max": 349990.0,
            "count": 7
        },
        "MoveToDoor.Policy.ExtrinsicValueEstimate.mean": {
            "value": 679.3901977539062,
            "min": -9.544539451599121,
            "max": 679.3901977539062,
            "count": 7
        },
        "MoveToDoor.Policy.ExtrinsicValueEstimate.sum": {
            "value": 2057873.0,
            "min": -9000.5009765625,
            "max": 2057873.0,
            "count": 7
        },
        "MoveToDoor.Environment.CumulativeReward.mean": {
            "value": 10292.835919445362,
            "min": -36957.396449704145,
            "max": 11203.083866115081,
            "count": 7
        },
        "MoveToDoor.Environment.CumulativeReward.sum": {
            "value": 31177000.0,
            "min": -12491600.0,
            "max": 31177000.0,
            "count": 7
        },
        "MoveToDoor.Policy.ExtrinsicReward.mean": {
            "value": 10292.835919445362,
            "min": -36957.396449704145,
            "max": 11203.083866115081,
            "count": 7
        },
        "MoveToDoor.Policy.ExtrinsicReward.sum": {
            "value": 31177000.0,
            "min": -12491600.0,
            "max": 31177000.0,
            "count": 7
        },
        "MoveToDoor.Losses.PolicyLoss.mean": {
            "value": 0.026950628249129898,
            "min": 0.022916273544542492,
            "max": 0.026950628249129898,
            "count": 7
        },
        "MoveToDoor.Losses.PolicyLoss.sum": {
            "value": 0.1347531412456495,
            "min": 0.09822335945209487,
            "max": 0.1347531412456495,
            "count": 7
        },
        "MoveToDoor.Losses.ValueLoss.mean": {
            "value": 531156738.56000006,
            "min": 40473069.903333336,
            "max": 531156738.56000006,
            "count": 7
        },
        "MoveToDoor.Losses.ValueLoss.sum": {
            "value": 2655783692.8,
            "min": 202365349.51666668,
            "max": 2655783692.8,
            "count": 7
        },
        "MoveToDoor.Policy.LearningRate.mean": {
            "value": 0.0001030074656642,
            "min": 0.0001030074656642,
            "max": 0.0002846124051292,
            "count": 7
        },
        "MoveToDoor.Policy.LearningRate.sum": {
            "value": 0.000515037328321,
            "min": 0.000515037328321,
            "max": 0.0012845982718005997,
            "count": 7
        },
        "MoveToDoor.Policy.Epsilon.mean": {
            "value": 0.1343358,
            "min": 0.1343358,
            "max": 0.1948708,
            "count": 7
        },
        "MoveToDoor.Policy.Epsilon.sum": {
            "value": 0.671679,
            "min": 0.671679,
            "max": 0.9281994000000002,
            "count": 7
        },
        "MoveToDoor.Policy.Beta.mean": {
            "value": 0.00172335642,
            "min": 0.00172335642,
            "max": 0.00474405292,
            "count": 7
        },
        "MoveToDoor.Policy.Beta.sum": {
            "value": 0.0086167821,
            "min": 0.0086167821,
            "max": 0.02141715006,
            "count": 7
        },
        "MoveToDoor.IsTraining.mean": {
            "value": 1.0,
            "min": 1.0,
            "max": 1.0,
            "count": 7
        },
        "MoveToDoor.IsTraining.sum": {
            "value": 1.0,
            "min": 1.0,
            "max": 1.0,
            "count": 7
        }
    },
    "metadata": {
        "timer_format_version": "0.1.0",
        "start_time_seconds": "1716005184",
        "python_version": "3.10.12 | packaged by Anaconda, Inc. | (main, Jul  5 2023, 19:01:18) [MSC v.1916 64 bit (AMD64)]",
        "command_line_arguments": "C:\\Users\\morin\\miniconda3\\envs\\mlagents\\Scripts\\mlagents-learn --run-id=allRandom7",
        "mlagents_version": "1.1.0.dev0",
        "mlagents_envs_version": "1.1.0.dev0",
        "communication_protocol_version": "1.5.0",
        "pytorch_version": "2.2.2+cu121",
        "numpy_version": "1.23.5",
        "end_time_seconds": "1716005510"
    },
    "total": 326.27492470000107,
    "count": 1,
    "self": 0.01034310000068217,
    "children": {
        "run_training.setup": {
            "total": 0.029513800000131596,
            "count": 1,
            "self": 0.029513800000131596
        },
        "TrainerController.start_learning": {
            "total": 326.23506780000025,
            "count": 1,
            "self": 0.8210161999959382,
            "children": {
                "TrainerController._reset_env": {
                    "total": 10.444716599999083,
                    "count": 1,
                    "self": 10.444716599999083
                },
                "TrainerController.advance": {
                    "total": 314.8651386000056,
                    "count": 34335,
                    "self": 0.7729445996556024,
                    "children": {
                        "env_step": {
                            "total": 216.8547387000599,
                            "count": 34335,
                            "self": 190.1667467002153,
                            "children": {
                                "SubprocessEnvManager._take_step": {
                                    "total": 26.188465899986113,
                                    "count": 34335,
                                    "self": 1.8051480999383784,
                                    "children": {
                                        "TorchPolicy.evaluate": {
                                            "total": 24.383317800047735,
                                            "count": 23495,
                                            "self": 24.383317800047735
                                        }
                                    }
                                },
                                "workers": {
                                    "total": 0.4995260998584854,
                                    "count": 34335,
                                    "self": 0.0,
                                    "children": {
                                        "worker_root": {
                                            "total": 315.57219830011127,
                                            "count": 34335,
                                            "is_parallel": true,
                                            "self": 174.68218610030453,
                                            "children": {
                                                "steps_from_proto": {
                                                    "total": 0.0002478000005794456,
                                                    "count": 1,
                                                    "is_parallel": true,
                                                    "self": 7.920000098238233e-05,