{
    "name": "root",
    "gauges": {
        "MoveToDoor.Policy.Entropy.mean": {
            "value": 1.3737397193908691,
            "min": 1.3737397193908691,
            "max": 1.415337085723877,
            "count": 10
        },
        "MoveToDoor.Policy.Entropy.sum": {
            "value": 68680.1171875,
            "min": 68680.1171875,
            "max": 71927.4296875,
            "count": 10
        },
        "MoveToDoor.Environment.EpisodeLength.mean": {
            "value": 10.947431302270012,
            "min": 10.947431302270012,
            "max": 73.19282511210763,
            "count": 10
        },
        "MoveToDoor.Environment.EpisodeLength.sum": {
            "value": 45815.0,
            "min": 45815.0,
            "max": 49155.0,
            "count": 10
        },
        "MoveToDoor.Step.mean": {
            "value": 499987.0,
            "min": 49972.0,
            "max": 499987.0,
            "count": 10
        },
        "MoveToDoor.Step.sum": {
            "value": 499987.0,
            "min": 49972.0,
            "max": 499987.0,
            "count": 10
        },
        "MoveToDoor.Policy.ExtrinsicValueEstimate.mean": {
            "value": 2598.385009765625,
            "min": 11.038759231567383,
            "max": 2598.385009765625,
            "count": 10
        },
        "MoveToDoor.Policy.ExtrinsicValueEstimate.sum": {
            "value": 10874241.0,
            "min": 12253.0224609375,
            "max": 10874241.0,
            "count": 10
        },
        "MoveToDoor.Environment.CumulativeReward.mean": {
            "value": 27066.236559139787,
            "min": 7044.161676646707,
            "max": 28690.131186642815,
            "count": 10
        },
        "MoveToDoor.Environment.CumulativeReward.sum": {
            "value": 113272200.0,
            "min": 4705500.0,
            "max": 113786700.0,
            "count": 10
        },
        "MoveToDoor.Policy.ExtrinsicReward.mean": {
            "value": 27066.236559139787,
            "min": 7044.161676646707,
            "max": 28690.131186642815,
            "count": 10
        },
        "MoveToDoor.Policy.ExtrinsicReward.sum": {
            "value": 113272200.0,
            "min": 4705500.0,
            "max": 113786700.0,
            "count": 10
        },
        "MoveToDoor.Losses.PolicyLoss.mean": {
            "value": 0.026976552166355156,
            "min": 0.02058812342584133,
            "max": 0.027652645572088658,
            "count": 10
        },
        "MoveToDoor.Losses.PolicyLoss.sum": {
            "value": 0.13488276083177578,
            "min": 0.09102667629097899,
            "max": 0.1382632278604433,
            "count": 10
        },
        "MoveToDoor.Losses.ValueLoss.mean": {
            "value": 1463055356.5866666,
            "min": 62639649.25625,
            "max": 1463055356.5866666,
            "count": 10
        },
        "MoveToDoor.Losses.ValueLoss.sum": {
            "value": 7315276782.933332,
            "min": 250558597.025,
            "max": 7315276782.933332,
            "count": 10
        },
        "MoveToDoor.Policy.LearningRate.mean": {
            "value": 1.6883854372079995e-05,
            "min": 1.6883854372079995e-05,
            "max": 0.00028456155514615004,
            "count": 10
        },
        "MoveToDoor.Policy.LearningRate.sum": {
            "value": 8.441927186039997e-05,
            "min": 8.441927186039997e-05,
            "max": 0.0012841374719542,
            "count": 10
        },
        "MoveToDoor.Policy.Epsilon.mean": {
            "value": 0.10562792000000001,
            "min": 0.10562792000000001,
            "max": 0.19485385000000002,
            "count": 10
        },
        "MoveToDoor.Policy.Epsilon.sum": {
            "value": 0.5281396,
            "min": 0.5004134,
            "max": 0.9280457999999999,
            "count": 10
        },
        "MoveToDoor.Policy.Beta.mean": {
            "value": 0.00029083320800000003,
            "min": 0.00029083320800000003,
            "max": 0.004743207115,
            "count": 10
        },
        "MoveToDoor.Policy.Beta.sum": {
            "value": 0.0014541660400000003,
            "min": 0.0014541660400000003,
            "max": 0.021409485420000002,
            "count": 10
        },
        "MoveToDoor.IsTraining.mean": {
            "value": 1.0,
            "min": 1.0,
            "max": 1.0,
            "count": 10
        },
        "MoveToDoor.IsTraining.sum": {
            "value": 1.0,
            "min": 1.0,
            "max": 1.0,
            "count": 10
        }
    },
    "metadata": {
        "timer_format_version": "0.1.0",
        "start_time_seconds": "1716041687",
        "python_version": "3.10.12 | packaged by Anaconda, Inc. | (main, Jul  5 2023, 19:01:18) [MSC v.1916 64 bit (AMD64)]",
        "command_line_arguments": "C:\\Users\\morin\\miniconda3\\envs\\mlagents\\Scripts\\mlagents-learn --run-id=allRandom18",
        "mlagents_version": "1.1.0.dev0",
        "mlagents_envs_version": "1.1.0.dev0",
        "communication_protocol_version": "1.5.0",
        "pytorch_version": "2.2.2+cu121",
        "numpy_version": "1.23.5",
        "end_time_seconds": "1716042112"
    },
    "total": 424.60505710000143,
    "count": 1,
    "self": 0.02262680000421824,
    "children": {
        "run_training.setup": {
            "total": 0.0474125999971875,
            "count": 1,
            "self": 0.0474125999971875
        },
        "TrainerController.start_learning": {
            "total": 424.5350177,
            "count": 1,
            "self": 0.9322806998898159,
            "children": {
                "TrainerController._reset_env": {
                    "total": 10.885264299999108,
                    "count": 1,
                    "self": 10.885264299999108
                },
                "TrainerController.advance": {
                    "total": 412.66706910010544,
                    "count": 33568,
                    "self": 0.9038885016780114,
                    "children": {
                        "env_step": {
                            "total": 255.25791599950753,
                            "count": 33568,
                            "self": 237.31109759996616,
                            "children": {
                                "SubprocessEnvManager._take_step": {
                                    "total": 17.426218500455434,
                                    "count": 33568,
                                    "self": 1.6027802005628473,
                                    "children": {
                                        "TorchPolicy.evaluate": {
                                            "total": 15.823438299892587,
                                            "count": 15158,
                                            "self": 15.823438299892587
                                        }
                                    }
                                },
                                "workers": {
                                    "total": 0.5205998990859371,
                                    "count": 33568,
                                    "self": 0.0,
                                    "children": {
                                        "worker_root": {
                                            "total": 413.86562789983145,
                                            "count": 33568,
                                            "is_parallel": true,
                                            "self": 226.66516930066427,
                                            "children": {
                                                "steps_from_proto": {
                                                    "total": 0.003841999998257961,
                                                    "count": 1,
                                                    "is_parallel": true,
                                                    "self": 0.00022159999934956431,