{
    "name": "root",
    "gauges": {
        "MoveToGoal.Policy.Entropy.mean": {
            "value": 1.3652417659759521,
            "min": 1.3652417659759521,
            "max": 1.4246376752853394,
            "count": 10
        },
        "MoveToGoal.Policy.Entropy.sum": {
            "value": 68234.78125,
            "min": 68234.78125,
            "max": 71660.421875,
            "count": 10
        },
        "MoveToGoal.Environment.EpisodeLength.mean": {
            "value": 14.809990515333544,
            "min": 14.809990515333544,
            "max": 166.56164383561645,
            "count": 10
        },
        "MoveToGoal.Environment.EpisodeLength.sum": {
            "value": 46844.0,
            "min": 46844.0,
            "max": 50552.0,
            "count": 10
        },
        "MoveToGoal.Step.mean": {
            "value": 499998.0,
            "min": 49971.0,
            "max": 499998.0,
            "count": 10
        },
        "MoveToGoal.Step.sum": {
            "value": 499998.0,
            "min": 49971.0,
            "max": 499998.0,
            "count": 10
        },
        "MoveToGoal.Policy.ExtrinsicValueEstimate.mean": {
            "value": 2585.33203125,
            "min": -7.16339111328125,
            "max": 2585.33203125,
            "count": 10
        },
        "MoveToGoal.Policy.ExtrinsicValueEstimate.sum": {
            "value": 8177405.0,
            "min": -6597.4833984375,
            "max": 8177405.0,
            "count": 10
        },
        "MoveToGoal.Environment.CumulativeReward.mean": {
            "value": 92615.14385077458,
            "min": -74570.10309278351,
            "max": 92615.14385077458,
            "count": 10
        },
        "MoveToGoal.Environment.CumulativeReward.sum": {
            "value": 292941700.0,
            "min": -21699900.0,
            "max": 292941700.0,
            "count": 10
        },
        "MoveToGoal.Policy.ExtrinsicReward.mean": {
            "value": 92615.14385077458,
            "min": -74570.10309278351,
            "max": 92615.14385077458,
            "count": 10
        },
        "MoveToGoal.Policy.ExtrinsicReward.sum": {
            "value": 292941700.0,
            "min": -21699900.0,
            "max": 292941700.0,
            "count": 10
        },
        "MoveToGoal.Losses.PolicyLoss.mean": {
            "value": 0.02191287182426701,
            "min": 0.02058625657732288,
            "max": 0.02490751514676958,
            "count": 10
        },
        "MoveToGoal.Losses.PolicyLoss.sum": {
            "value": 0.10956435912133505,
            "min": 0.08664205249709388,
            "max": 0.12453757573384791,
            "count": 10
        },
        "MoveToGoal.Losses.ValueLoss.mean": {
            "value": 4060327843.84,
            "min": 103169813.43643229,
            "max": 4060327843.84,
            "count": 10
        },
        "MoveToGoal.Losses.ValueLoss.sum": {
            "value": 20301639219.2,
            "min": 515849067.18216145,
            "max": 20301639219.2,
            "count": 10
        },
        "MoveToGoal.Policy.LearningRate.mean": {
            "value": 1.6841974386040007e-05,
            "min": 1.6841974386040007e-05,
            "max": 0.00028458885513705,
            "count": 10
        },
        "MoveToGoal.Policy.LearningRate.sum": {
            "value": 8.420987193020003e-05,
            "min": 8.420987193020003e-05,
            "max": 0.0012842262719245999,
            "count": 10
        },
        "MoveToGoal.Policy.Epsilon.mean": {
            "value": 0.10561396,
            "min": 0.10561396,
            "max": 0.19486295,
            "count": 10
        },
        "MoveToGoal.Policy.Epsilon.sum": {
            "value": 0.5280698,
            "min": 0.5003808,
            "max": 0.9280754000000001,
            "count": 10
        },
        "MoveToGoal.Policy.Beta.mean": {
            "value": 0.00029013660400000016,
            "min": 0.00029013660400000016,
            "max": 0.004743661204999999,
            "count": 10
        },
        "MoveToGoal.Policy.Beta.sum": {
            "value": 0.001450683020000001,
            "min": 0.001450683020000001,
            "max": 0.02141096246,
            "count": 10
        },
        "MoveToGoal.IsTraining.mean": {
            "value": 1.0,
            "min": 1.0,
            "max": 1.0,
            "count": 10
        },
        "MoveToGoal.IsTraining.sum": {
            "value": 1.0,
            "min": 1.0,
            "max": 1.0,
            "count": 10
        }
    },
    "metadata": {
        "timer_format_version": "0.1.0",
        "start_time_seconds": "1715969077",
        "python_version": "3.10.12 | packaged by Anaconda, Inc. | (main, Jul  5 2023, 19:01:18) [MSC v.1916 64 bit (AMD64)]",
        "command_line_arguments": "C:\\Users\\0937786\\AppData\\Local\\miniconda3\\envs\\mlagents\\Scripts\\mlagents-learn --run-id staticLocations",
        "mlagents_version": "1.1.0.dev0",
        "mlagents_envs_version": "1.1.0.dev0",
        "communication_protocol_version": "1.5.0",
        "pytorch_version": "2.2.2+cu121",
        "numpy_version": "1.23.5",
        "end_time_seconds": "1715969447"
    },
    "total": 369.65307450000546,
    "count": 1,
    "self": 0.008270200014521834,
    "children": {
        "run_training.setup": {
            "total": 0.01985199999762699,
            "count": 1,
            "self": 0.01985199999762699
        },
        "TrainerController.start_learning": {
            "total": 369.6249522999933,
            "count": 1,
            "self": 0.6695283000372001,
            "children": {
                "TrainerController._reset_env": {
                    "total": 7.719923899996502,
                    "count": 1,
                    "self": 7.719923899996502
                },
                "TrainerController.advance": {
                    "total": 361.18318439996074,
                    "count": 42936,
                    "self": 0.6292014011123683,
                    "children": {
                        "env_step": {
                            "total": 225.33246029897418,
                            "count": 42936,
                            "self": 167.7691416998423,
                            "children": {
                                "SubprocessEnvManager._take_step": {
                                    "total": 57.16552789929847,
                                    "count": 42936,
                                    "self": 1.4687332987305126,
                                    "children": {
                                        "TorchPolicy.evaluate": {
                                            "total": 55.696794600567955,
                                            "count": 29419,
                                            "self": 55.696794600567955
                                        }
                                    }
                                },
                                "workers": {
                                    "total": 0.39779069983342197,
                                    "count": 42936,
                                    "self": 0.0,
                                    "children": {
                                        "worker_root": {
                                            "total": 362.0745555996691,
                                            "count": 42936,
                                            "is_parallel": true,
                                            "self": 231.43553219915339,
                                            "children": {
                                                "steps_from_proto": {
                                                    "total": 0.000301499996567145,
                                                    "count": 1,
                                                    "is_parallel": true,
                                                    "self": 0.00010610000026645139,