{
    "name": "root",
    "gauges": {
        "MoveToDoor.Policy.Entropy.mean": {
            "value": 1.3389140367507935,
            "min": 1.3389140367507935,
            "max": 1.416688323020935,
            "count": 10
        },
        "MoveToDoor.Policy.Entropy.sum": {
            "value": 67009.96875,
            "min": 67009.96875,
            "max": 71504.5078125,
            "count": 10
        },
        "MoveToDoor.Environment.EpisodeLength.mean": {
            "value": 9.750806278219738,
            "min": 9.750806278219738,
            "max": 123.3274111675127,
            "count": 10
        },
        "MoveToDoor.Environment.EpisodeLength.sum": {
            "value": 45351.0,
            "min": 45351.0,
            "max": 50182.0,
            "count": 10
        },
        "MoveToDoor.Step.mean": {
            "value": 499995.0,
            "min": 49945.0,
            "max": 499995.0,
            "count": 10
        },
        "MoveToDoor.Step.sum": {
            "value": 499995.0,
            "min": 49945.0,
            "max": 499995.0,
            "count": 10
        },
        "MoveToDoor.Policy.ExtrinsicValueEstimate.mean": {
            "value": 2199.15087890625,
            "min": 4.71160888671875,
            "max": 2199.15087890625,
            "count": 10
        },
        "MoveToDoor.Policy.ExtrinsicValueEstimate.sum": {
            "value": 10228251.0,
            "min": 4626.7998046875,
            "max": 10228251.0,
            "count": 10
        },
        "MoveToDoor.Environment.CumulativeReward.mean": {
            "value": 100378.49924747366,
            "min": 24850.5076142132,
            "max": 100378.49924747366,
            "count": 10
        },
        "MoveToDoor.Environment.CumulativeReward.sum": {
            "value": 466860400.0,
            "min": 9791100.0,
            "max": 466860400.0,
            "count": 10
        },
        "MoveToDoor.Policy.ExtrinsicReward.mean": {
            "value": 100378.49924747366,
            "min": 24850.5076142132,
            "max": 100378.49924747366,
            "count": 10
        },
        "MoveToDoor.Policy.ExtrinsicReward.sum": {
            "value": 466860400.0,
            "min": 9791100.0,
            "max": 466860400.0,
            "count": 10
        },
        "MoveToDoor.Losses.PolicyLoss.mean": {
            "value": 0.023856240790337324,
            "min": 0.02240860297965507,
            "max": 0.026924741558420163,
            "count": 10
        },
        "MoveToDoor.Losses.PolicyLoss.sum": {
            "value": 0.11928120395168662,
            "min": 0.0978345287963748,
            "max": 0.1346237077921008,
            "count": 10
        },
        "MoveToDoor.Losses.ValueLoss.mean": {
            "value": 5506742906.88,
            "min": 102449861.98925781,
            "max": 5506742906.88,
            "count": 10
        },
        "MoveToDoor.Losses.ValueLoss.sum": {
            "value": 27533714534.4,
            "min": 409799447.95703125,
            "max": 27533714534.4,
            "count": 10
        },
        "MoveToDoor.Policy.LearningRate.mean": {
            "value": 1.697877434044e-05,
            "min": 1.697877434044e-05,
            "max": 0.00028461510512829994,
            "count": 10
        },
        "MoveToDoor.Policy.LearningRate.sum": {
            "value": 8.489387170220001e-05,
            "min": 8.489387170220001e-05,
            "max": 0.0012842490719169996,
            "count": 10
        },
        "MoveToDoor.Policy.Epsilon.mean": {
            "value": 0.10565956000000001,
            "min": 0.10565956000000001,
            "max": 0.19487170000000004,
            "count": 10
        },
        "MoveToDoor.Policy.Epsilon.sum": {
            "value": 0.5282978,
            "min": 0.45953859999999996,
            "max": 0.9280829999999999,
            "count": 10
        },
        "MoveToDoor.Policy.Beta.mean": {
            "value": 0.00029241204400000013,
            "min": 0.00029241204400000013,
            "max": 0.004744097829999999,
            "count": 10
        },
        "MoveToDoor.Policy.Beta.sum": {
            "value": 0.0014620602200000007,
            "min": 0.0014620602200000007,
            "max": 0.021411341699999992,
            "count": 10
        },
        "MoveToDoor.IsTraining.mean": {
            "value": 1.0,
            "min": 1.0,
            "max": 1.0,
            "count": 10
        },
        "MoveToDoor.IsTraining.sum": {
            "value": 1.0,
            "min": 1.0,
            "max": 1.0,
            "count": 10
        }
    },
    "metadata": {
        "timer_format_version": "0.1.0",
        "start_time_seconds": "1716047614",
        "python_version": "3.10.12 | packaged by Anaconda, Inc. | (main, Jul  5 2023, 19:01:18) [MSC v.1916 64 bit (AMD64)]",
        "command_line_arguments": "C:\\Users\\morin\\miniconda3\\envs\\mlagents\\Scripts\\mlagents-learn --run-id=allRandomFinal2",
        "mlagents_version": "1.1.0.dev0",
        "mlagents_envs_version": "1.1.0.dev0",
        "communication_protocol_version": "1.5.0",
        "pytorch_version": "2.2.2+cu121",
        "numpy_version": "1.23.5",
        "end_time_seconds": "1716048095"
    },
    "total": 481.6395033000008,
    "count": 1,
    "self": 0.01679590000276221,
    "children": {
        "run_training.setup": {
            "total": 0.03190010000253096,
            "count": 1,
            "self": 0.03190010000253096
        },
        "TrainerController.start_learning": {
            "total": 481.5908072999955,
            "count": 1,
            "self": 1.329003799277416,
            "children": {
                "TrainerController._reset_env": {
                    "total": 12.496694000001298,
                    "count": 1,
                    "self": 12.496694000001298
                },
                "TrainerController.advance": {
                    "total": 467.73483110072266,
                    "count": 50382,
                    "self": 1.149842802034982,
                    "children": {
                        "env_step": {
                            "total": 317.72092919917486,
                            "count": 50382,
                            "self": 280.18248419841257,
                            "children": {
                                "SubprocessEnvManager._take_step": {
                                    "total": 36.78030170020793,
                                    "count": 50382,
                                    "self": 2.681870400432672,
                                    "children": {
                                        "TorchPolicy.evaluate": {
                                            "total": 34.09843129977526,
                                            "count": 29419,
                                            "self": 34.09843129977526
                                        }
                                    }
                                },
                                "workers": {
                                    "total": 0.7581433005543659,
                                    "count": 50382,
                                    "self": 0.0,
                                    "children": {
                                        "worker_root": {
                                            "total": 468.06879199947434,
                                            "count": 50382,
                                            "is_parallel": true,
                                            "self": 260.7801372994363,
                                            "children": {
                                                "steps_from_proto": {
                                                    "total": 0.00032980000105453655,
                                                    "count": 1,
                                                    "is_parallel": true,
                                                    "self": 9.029999637277797e-05,