{
    "name": "root",
    "gauges": {
        "MoveToDoor.Policy.Entropy.mean": {
            "value": 1.3673486709594727,
            "min": 1.3673486709594727,
            "max": 1.412454605102539,
            "count": 5
        },
        "MoveToDoor.Policy.Entropy.sum": {
            "value": 68180.109375,
            "min": 68180.109375,
            "max": 71827.5546875,
            "count": 5
        },
        "MoveToDoor.Environment.EpisodeLength.mean": {
            "value": 17.19868995633188,
            "min": 17.19868995633188,
            "max": 119.29820051413881,
            "count": 5
        },
        "MoveToDoor.Environment.EpisodeLength.sum": {
            "value": 47262.0,
            "min": 46407.0,
            "max": 51124.0,
            "count": 5
        },
        "MoveToDoor.Step.mean": {
            "value": 249984.0,
            "min": 49996.0,
            "max": 249984.0,
            "count": 5
        },
        "MoveToDoor.Step.sum": {
            "value": 249984.0,
            "min": 49996.0,
            "max": 249984.0,
            "count": 5
        },
        "MoveToDoor.Policy.ExtrinsicValueEstimate.mean": {
            "value": 728.2578125,
            "min": 2.024881601333618,
            "max": 728.2578125,
            "count": 5
        },
        "MoveToDoor.Policy.ExtrinsicValueEstimate.sum": {
            "value": 2000524.25,
            "min": 1972.234619140625,
            "max": 2000524.25,
            "count": 5
        },
        "MoveToDoor.Environment.CumulativeReward.mean": {
            "value": 99822.8613032399,
            "min": 21506.68380462725,
            "max": 99822.8613032399,
            "count": 5
        },
        "MoveToDoor.Environment.CumulativeReward.sum": {
            "value": 274213400.0,
            "min": 8366100.0,
            "max": 274213400.0,
            "count": 5
        },
        "MoveToDoor.Policy.ExtrinsicReward.mean": {
            "value": 99822.8613032399,
            "min": 21506.68380462725,
            "max": 99822.8613032399,
            "count": 5
        },
        "MoveToDoor.Policy.ExtrinsicReward.sum": {
            "value": 274213400.0,
            "min": 8366100.0,
            "max": 274213400.0,
            "count": 5
        },
        "MoveToDoor.Losses.PolicyLoss.mean": {
            "value": 0.022106180818130573,
            "min": 0.022106180818130573,
            "max": 0.02688712510668362,
            "count": 5
        },
        "MoveToDoor.Losses.PolicyLoss.sum": {
            "value": 0.11053090409065286,
            "min": 0.10754850042673449,
            "max": 0.12284562403025727,
            "count": 5
        },
        "MoveToDoor.Losses.ValueLoss.mean": {
            "value": 3998820659.2,
            "min": 83956294.05989584,
            "max": 3998820659.2,
            "count": 5
        },
        "MoveToDoor.Losses.ValueLoss.sum": {
            "value": 19994103296.0,
            "min": 335825176.2395834,
            "max": 19994103296.0,
            "count": 5
        },
        "MoveToDoor.Policy.LearningRate.mean": {
            "value": 0.00016442728519091998,
            "min": 0.00016442728519091998,
            "max": 0.00028456830514389997,
            "count": 5
        },
        "MoveToDoor.Policy.LearningRate.sum": {
            "value": 0.0008221364259545999,
            "min": 0.0008221364259545999,
            "max": 0.0012838446720518,
            "count": 5
        },
        "MoveToDoor.Policy.Epsilon.mean": {
            "value": 0.15480908,
            "min": 0.15480908,
            "max": 0.19485609999999998,
            "count": 5
        },
        "MoveToDoor.Policy.Epsilon.sum": {
            "value": 0.7740453999999999,
            "min": 0.7740453999999999,
            "max": 0.9279481999999999,
            "count": 5
        },
        "MoveToDoor.Policy.Beta.mean": {
            "value": 0.0027449730920000004,
            "min": 0.0027449730920000004,
            "max": 0.00474331939,
            "count": 5
        },
        "MoveToDoor.Policy.Beta.sum": {
            "value": 0.013724865460000003,
            "min": 0.013724865460000003,
            "max": 0.02140461518,
            "count": 5
        },
        "MoveToDoor.IsTraining.mean": {
            "value": 1.0,
            "min": 1.0,
            "max": 1.0,
            "count": 5
        },
        "MoveToDoor.IsTraining.sum": {
            "value": 1.0,
            "min": 1.0,
            "max": 1.0,
            "count": 5
        }
    },
    "metadata": {
        "timer_format_version": "0.1.0",
        "start_time_seconds": "1716047283",
        "python_version": "3.10.12 | packaged by Anaconda, Inc. | (main, Jul  5 2023, 19:01:18) [MSC v.1916 64 bit (AMD64)]",
        "command_line_arguments": "C:\\Users\\morin\\miniconda3\\envs\\mlagents\\Scripts\\mlagents-learn --run-id=allRandomFinal",
        "mlagents_version": "1.1.0.dev0",
        "mlagents_envs_version": "1.1.0.dev0",
        "communication_protocol_version": "1.5.0",
        "pytorch_version": "2.2.2+cu121",
        "numpy_version": "1.23.5",
        "end_time_seconds": "1716047516"
    },
    "total": 232.8589362999992,
    "count": 1,
    "self": 0.009431300000869669,
    "children": {
        "run_training.setup": {
            "total": 0.022408699995139614,
            "count": 1,
            "self": 0.022408699995139614
        },
        "TrainerController.start_learning": {
            "total": 232.82709630000318,
            "count": 1,
            "self": 0.33885899934830377,
            "children": {
                "TrainerController._reset_env": {
                    "total": 40.49547389999498,
                    "count": 1,
                    "self": 40.49547389999498
                },
                "TrainerController.advance": {
                    "total": 191.8516167006601,
                    "count": 12609,
                    "self": 0.31032010088529205,
                    "children": {
                        "env_step": {
                            "total": 125.05392339970422,
                            "count": 12609,
                            "self": 114.90198029966268,
                            "children": {
                                "SubprocessEnvManager._take_step": {
                                    "total": 9.947099200093362,
                                    "count": 12609,
                                    "self": 0.8312634999529109,
                                    "children": {
                                        "TorchPolicy.evaluate": {
                                            "total": 9.115835700140451,
                                            "count": 7587,
                                            "self": 9.115835700140451
                                        }
                                    }
                                },
                                "workers": {
                                    "total": 0.2048438999481732,
                                    "count": 12608,
                                    "self": 0.0,
                                    "children": {
                                        "worker_root": {
                                            "total": 170.52627450010186,
                                            "count": 12608,
                                            "is_parallel": true,
                                            "self": 101.4138908001405,
                                            "children": {
                                                "steps_from_proto": {
                                                    "total": 0.0003391999998711981,
                                                    "count": 1,
                                                    "is_parallel": true,
                                                    "self": 9.259999933419749e-05,