{
    "name": "root",
    "gauges": {
        "MoveToDoor.Policy.Entropy.mean": {
            "value": 1.4137308597564697,
            "min": 1.4137308597564697,
            "max": 1.4222558736801147,
            "count": 10
        },
        "MoveToDoor.Policy.Entropy.sum": {
            "value": 70632.8203125,
            "min": 70256.9609375,
            "max": 72282.1484375,
            "count": 10
        },
        "MoveToDoor.Environment.EpisodeLength.mean": {
            "value": 1041.804347826087,
            "min": 83.47169811320755,
            "max": 1041.804347826087,
            "count": 10
        },
        "MoveToDoor.Environment.EpisodeLength.sum": {
            "value": 47923.0,
            "min": 24372.0,
            "max": 48664.0,
            "count": 10
        },
        "MoveToDoor.Step.mean": {
            "value": 499974.0,
            "min": 49973.0,
            "max": 499974.0,
            "count": 10
        },
        "MoveToDoor.Step.sum": {
            "value": 499974.0,
            "min": 49973.0,
            "max": 499974.0,
            "count": 10
        },
        "MoveToDoor.Policy.ExtrinsicValueEstimate.mean": {
            "value": 344.83740234375,
            "min": -9.404229164123535,
            "max": 344.83740234375,
            "count": 10
        },
        "MoveToDoor.Policy.ExtrinsicValueEstimate.sum": {
            "value": 278283.78125,
            "min": -8539.0400390625,
            "max": 282186.96875,
            "count": 10
        },
        "MoveToDoor.Environment.CumulativeReward.mean": {
            "value": 23709.782608695652,
            "min": -3081.701030927835,
            "max": 39811.53846153846,
            "count": 10
        },
        "MoveToDoor.Environment.CumulativeReward.sum": {
            "value": 1090650.0,
            "min": -1793550.0,
            "max": 3205850.0,
            "count": 10
        },
        "MoveToDoor.Policy.ExtrinsicReward.mean": {
            "value": 23709.782608695652,
            "min": -3081.701030927835,
            "max": 39811.53846153846,
            "count": 10
        },
        "MoveToDoor.Policy.ExtrinsicReward.sum": {
            "value": 1090650.0,
            "min": -1793550.0,
            "max": 3205850.0,
            "count": 10
        },
        "MoveToDoor.Losses.PolicyLoss.mean": {
            "value": 0.027911868452404936,
            "min": 0.021554691436079642,
            "max": 0.027911868452404936,
            "count": 10
        },
        "MoveToDoor.Losses.PolicyLoss.sum": {
            "value": 0.13955934226202468,
            "min": 0.0869692654814571,
            "max": 0.13955934226202468,
            "count": 10
        },
        "MoveToDoor.Losses.ValueLoss.mean": {
            "value": 21364722.6765625,
            "min": 21364722.6765625,
            "max": 60488264.201666676,
            "count": 10
        },
        "MoveToDoor.Losses.ValueLoss.sum": {
            "value": 106823613.3828125,
            "min": 101499185.13333334,
            "max": 302441321.0083334,
            "count": 10
        },
        "MoveToDoor.Policy.LearningRate.mean": {
            "value": 1.605681464776e-05,
            "min": 1.605681464776e-05,
            "max": 0.0002845935051355,
            "count": 10
        },
        "MoveToDoor.Policy.LearningRate.sum": {
            "value": 8.02840732388e-05,
            "min": 8.02840732388e-05,
            "max": 0.0012840552719815999,
            "count": 10
        },
        "MoveToDoor.Policy.Epsilon.mean": {
            "value": 0.10535223999999999,
            "min": 0.10535223999999999,
            "max": 0.19486450000000002,
            "count": 10
        },
        "MoveToDoor.Policy.Epsilon.sum": {
            "value": 0.5267611999999999,
            "min": 0.49965119999999996,
            "max": 0.9280184,
            "count": 10
        },
        "MoveToDoor.Policy.Beta.mean": {
            "value": 0.00027707677600000006,
            "min": 0.00027707677600000006,
            "max": 0.004743738550000001,
            "count": 10
        },
        "MoveToDoor.Policy.Beta.sum": {
            "value": 0.0013853838800000002,
            "min": 0.0013853838800000002,
            "max": 0.021408118160000003,
            "count": 10
        },
        "MoveToDoor.IsTraining.mean": {
            "value": 1.0,
            "min": 1.0,
            "max": 1.0,
            "count": 10
        },
        "MoveToDoor.IsTraining.sum": {
            "value": 1.0,
            "min": 1.0,
            "max": 1.0,
            "count": 10
        }
    },
    "metadata": {
        "timer_format_version": "0.1.0",
        "start_time_seconds": "1716006396",
        "python_version": "3.10.12 | packaged by Anaconda, Inc. | (main, Jul  5 2023, 19:01:18) [MSC v.1916 64 bit (AMD64)]",
        "command_line_arguments": "C:\\Users\\morin\\miniconda3\\envs\\mlagents\\Scripts\\mlagents-learn --run-id=allRandom11",
        "mlagents_version": "1.1.0.dev0",
        "mlagents_envs_version": "1.1.0.dev0",
        "communication_protocol_version": "1.5.0",
        "pytorch_version": "2.2.2+cu121",
        "numpy_version": "1.23.5",
        "end_time_seconds": "1716006672"
    },
    "total": 276.27160299999923,
    "count": 1,
    "self": 0.0077467999999498716,
    "children": {
        "run_training.setup": {
            "total": 0.0281314999992901,
            "count": 1,
            "self": 0.0281314999992901
        },
        "TrainerController.start_learning": {
            "total": 276.2357247,
            "count": 1,
            "self": 0.429881799940631,
            "children": {
                "TrainerController._reset_env": {
                    "total": 10.274183700001231,
                    "count": 1,
                    "self": 10.274183700001231
                },
                "TrainerController.advance": {
                    "total": 265.50881190005566,
                    "count": 16374,
                    "self": 0.4126338000442047,
                    "children": {
                        "env_step": {
                            "total": 159.30215309994128,
                            "count": 16374,
                            "self": 139.98904309990212,
                            "children": {
                                "SubprocessEnvManager._take_step": {
                                    "total": 19.049034799973015,
                                    "count": 16374,
                                    "self": 1.357149899855358,
                                    "children": {
                                        "TorchPolicy.evaluate": {
                                            "total": 17.691884900117657,
                                            "count": 15182,
                                            "self": 17.691884900117657
                                        }
                                    }
                                },
                                "workers": {
                                    "total": 0.26407520006614504,
                                    "count": 16374,
                                    "self": 0.0,
                                    "children": {
                                        "worker_root": {
                                            "total": 265.926166099649,
                                            "count": 16374,
                                            "is_parallel": true,
                                            "self": 163.28447269958997,
                                            "children": {
                                                "steps_from_proto": {
                                                    "total": 0.0005029000003560213,
                                                    "count": 1,
                                                    "is_parallel": true,
                                                    "self": 0.0002007000002777204,