{
    "name": "root",
    "gauges": {
        "MoveToDoor.Policy.Entropy.mean": {
            "value": 1.4323190450668335,
            "min": 1.4226012229919434,
            "max": 1.4323190450668335,
            "count": 3
        },
        "MoveToDoor.Policy.Entropy.sum": {
            "value": 71514.2578125,
            "min": 71364.125,
            "max": 72719.109375,
            "count": 3
        },
        "MoveToDoor.Environment.EpisodeLength.mean": {
            "value": 1703.5,
            "min": 86.4275092936803,
            "max": 1703.5,
            "count": 2
        },
        "MoveToDoor.Environment.EpisodeLength.sum": {
            "value": 3407.0,
            "min": 3407.0,
            "max": 23249.0,
            "count": 2
        },
        "MoveToDoor.Step.mean": {
            "value": 149999.0,
            "min": 49950.0,
            "max": 149999.0,
            "count": 3
        },
        "MoveToDoor.Step.sum": {
            "value": 149999.0,
            "min": 49950.0,
            "max": 149999.0,
            "count": 3
        },
        "MoveToDoor.Policy.ExtrinsicValueEstimate.mean": {
            "value": 3.8553171157836914,
            "min": -6.583734512329102,
            "max": 3.8553171157836914,
            "count": 3
        },
        "MoveToDoor.Policy.ExtrinsicValueEstimate.sum": {
            "value": 3014.85791015625,
            "min": -5335.41650390625,
            "max": 3014.85791015625,
            "count": 3
        },
        "MoveToDoor.Environment.CumulativeReward.mean": {
            "value": -850.0,
            "min": -863.9405204460967,
            "max": -850.0,
            "count": 2
        },
        "MoveToDoor.Environment.CumulativeReward.sum": {
            "value": -1700.0,
            "min": -232400.0,
            "max": -1700.0,
            "count": 2
        },
        "MoveToDoor.Policy.ExtrinsicReward.mean": {
            "value": -850.0,
            "min": -863.9405204460967,
            "max": -850.0,
            "count": 2
        },
        "MoveToDoor.Policy.ExtrinsicReward.sum": {
            "value": -1700.0,
            "min": -232400.0,
            "max": -1700.0,
            "count": 2
        },
        "MoveToDoor.Losses.PolicyLoss.mean": {
            "value": 0.025020207692092906,
            "min": 0.022219490134157242,
            "max": 0.025020207692092906,
            "count": 3
        },
        "MoveToDoor.Losses.PolicyLoss.sum": {
            "value": 0.12510103846046453,
            "min": 0.0907668443163857,
            "max": 0.12510103846046453,
            "count": 3
        },
        "MoveToDoor.Losses.ValueLoss.mean": {
            "value": 1395.2147330729167,
            "min": 1395.2147330729167,
            "max": 43624.98297526042,
            "count": 3
        },
        "MoveToDoor.Losses.ValueLoss.sum": {
            "value": 6976.073665364584,
            "min": 6976.073665364584,
            "max": 174499.93190104168,
            "count": 3
        },
        "MoveToDoor.Policy.LearningRate.mean": {
            "value": 0.00022593662468779998,
            "min": 0.00022593662468779998,
            "max": 0.0002845953051348999,
            "count": 3
        },
        "MoveToDoor.Policy.LearningRate.sum": {
            "value": 0.001129683123439,
            "min": 0.001129683123439,
            "max": 0.0012841962719345997,
            "count": 3
        },
        "MoveToDoor.Policy.Epsilon.mean": {
            "value": 0.17531220000000003,
            "min": 0.17531220000000003,
            "max": 0.1948651,
            "count": 3
        },
        "MoveToDoor.Policy.Epsilon.sum": {
            "value": 0.8765610000000001,
            "min": 0.7794604,
            "max": 0.9280653999999999,
            "count": 3
        },
        "MoveToDoor.Policy.Beta.mean": {
            "value": 0.0037680787800000006,
            "min": 0.0037680787800000006,
            "max": 0.0047437684899999995,
            "count": 3
        },
        "MoveToDoor.Policy.Beta.sum": {
            "value": 0.018840393900000002,
            "min": 0.018840393900000002,
            "max": 0.021410463459999998,
            "count": 3
        },
        "MoveToDoor.IsTraining.mean": {
            "value": 1.0,
            "min": 1.0,
            "max": 1.0,
            "count": 3
        },
        "MoveToDoor.IsTraining.sum": {
            "value": 1.0,
            "min": 1.0,
            "max": 1.0,
            "count": 3
        }
    },
    "metadata": {
        "timer_format_version": "0.1.0",
        "start_time_seconds": "1716007212",
        "python_version": "3.10.12 | packaged by Anaconda, Inc. | (main, Jul  5 2023, 19:01:18) [MSC v.1916 64 bit (AMD64)]",
        "command_line_arguments": "C:\\Users\\morin\\miniconda3\\envs\\mlagents\\Scripts\\mlagents-learn --run-id=allRandom16",
        "mlagents_version": "1.1.0.dev0",
        "mlagents_envs_version": "1.1.0.dev0",
        "communication_protocol_version": "1.5.0",
        "pytorch_version": "2.2.2+cu121",
        "numpy_version": "1.23.5",
        "end_time_seconds": "1716007317"
    },
    "total": 104.72157380000135,
    "count": 1,
    "self": 0.010620400000334485,
    "children": {
        "run_training.setup": {
            "total": 0.031170700000075158,
            "count": 1,
            "self": 0.031170700000075158
        },
        "TrainerController.start_learning": {
            "total": 104.67978270000094,
            "count": 1,
            "self": 0.15499869997620408,
            "children": {
                "TrainerController._reset_env": {
                    "total": 9.814851200000703,
                    "count": 1,
                    "self": 9.814851200000703
                },
                "TrainerController.advance": {
                    "total": 94.60603150002316,
                    "count": 5648,
                    "self": 0.14275599999018596,
                    "children": {
                        "env_step": {
                            "total": 58.10955410000497,
                            "count": 5648,
                            "self": 51.63405899991449,
                            "children": {
                                "SubprocessEnvManager._take_step": {
                                    "total": 6.386146500071845,
                                    "count": 5648,
                                    "self": 0.4642460001177824,
                                    "children": {
                                        "TorchPolicy.evaluate": {
                                            "total": 5.921900499954063,
                                            "count": 5447,
                                            "self": 5.921900499954063
                                        }
                                    }
                                },
                                "workers": {
                                    "total": 0.08934860001863854,
                                    "count": 5647,
                                    "self": 0.0,
                                    "children": {
                                        "worker_root": {
                                            "total": 95.1821909000173,
                                            "count": 5647,
                                            "is_parallel": true,
                                            "self": 56.35687780006265,
                                            "children": {
                                                "steps_from_proto": {
                                                    "total": 0.00034299999970244244,
                                                    "count": 1,
                                                    "is_parallel": true,
                                                    "self": 0.00011269999959040433,