{
    "name": "root",
    "gauges": {
        "MoveToGoal.Policy.Entropy.mean": {
            "value": 1.3720358610153198,
            "min": 1.3720358610153198,
            "max": 1.4147775173187256,
            "count": 10
        },
        "MoveToGoal.Policy.Entropy.sum": {
            "value": 68574.3515625,
            "min": 68533.5546875,
            "max": 71287.8125,
            "count": 10
        },
        "MoveToGoal.Environment.EpisodeLength.mean": {
            "value": 13.262692527096407,
            "min": 13.262692527096407,
            "max": 85.265625,
            "count": 10
        },
        "MoveToGoal.Environment.EpisodeLength.sum": {
            "value": 46499.0,
            "min": 46499.0,
            "max": 49193.0,
            "count": 10
        },
        "MoveToGoal.Step.mean": {
            "value": 499995.0,
            "min": 49961.0,
            "max": 499995.0,
            "count": 10
        },
        "MoveToGoal.Step.sum": {
            "value": 499995.0,
            "min": 49961.0,
            "max": 499995.0,
            "count": 10
        },
        "MoveToGoal.Policy.ExtrinsicValueEstimate.mean": {
            "value": 2100.2001953125,
            "min": -2.870262622833252,
            "max": 2100.2001953125,
            "count": 10
        },
        "MoveToGoal.Policy.ExtrinsicValueEstimate.sum": {
            "value": 7396905.0,
            "min": -3111.36474609375,
            "max": 7396905.0,
            "count": 10
        },
        "MoveToGoal.Environment.CumulativeReward.mean": {
            "value": 43566.742726754135,
            "min": -31616.521739130436,
            "max": 43566.742726754135,
            "count": 10
        },
        "MoveToGoal.Environment.CumulativeReward.sum": {
            "value": 152745000.0,
            "min": -18179500.0,
            "max": 152745000.0,
            "count": 10
        },
        "MoveToGoal.Policy.ExtrinsicReward.mean": {
            "value": 43566.742726754135,
            "min": -31616.521739130436,
            "max": 43566.742726754135,
            "count": 10
        },
        "MoveToGoal.Policy.ExtrinsicReward.sum": {
            "value": 152745000.0,
            "min": -18179500.0,
            "max": 152745000.0,
            "count": 10
        },
        "MoveToGoal.Losses.PolicyLoss.mean": {
            "value": 0.021797139594952268,
            "min": 0.01998658504647513,
            "max": 0.027124638427048924,
            "count": 10
        },
        "MoveToGoal.Losses.PolicyLoss.sum": {
            "value": 0.10898569797476133,
            "min": 0.09192618400168916,
            "max": 0.13562319213524462,
            "count": 10
        },
        "MoveToGoal.Losses.ValueLoss.mean": {
            "value": 1991361534.2933335,
            "min": 250423255.73333335,
            "max": 1991361534.2933335,
            "count": 10
        },
        "MoveToGoal.Losses.ValueLoss.sum": {
            "value": 9956807671.466667,
            "min": 1252116278.6666667,
            "max": 9956807671.466667,
            "count": 10
        },
        "MoveToGoal.Policy.LearningRate.mean": {
            "value": 1.6957534347519994e-05,
            "min": 1.6957534347519994e-05,
            "max": 0.00028460655513114994,
            "count": 10
        },
        "MoveToGoal.Policy.LearningRate.sum": {
            "value": 8.478767173759998e-05,
            "min": 8.478767173759998e-05,
            "max": 0.001284414071862,
            "count": 10
        },
        "MoveToGoal.Policy.Epsilon.mean": {
            "value": 0.10565248000000002,
            "min": 0.10565248000000002,
            "max": 0.19486884999999998,
            "count": 10
        },
        "MoveToGoal.Policy.Epsilon.sum": {
            "value": 0.5282624000000001,
            "min": 0.5004866,
            "max": 0.9281380000000001,
            "count": 10
        },
        "MoveToGoal.Policy.Beta.mean": {
            "value": 0.0002920587519999999,
            "min": 0.0002920587519999999,
            "max": 0.004743955615,
            "count": 10
        },
        "MoveToGoal.Policy.Beta.sum": {
            "value": 0.0014602937599999994,
            "min": 0.0014602937599999994,
            "max": 0.0214140862,
            "count": 10
        },
        "MoveToGoal.IsTraining.mean": {
            "value": 1.0,
            "min": 1.0,
            "max": 1.0,
            "count": 10
        },
        "MoveToGoal.IsTraining.sum": {
            "value": 1.0,
            "min": 1.0,
            "max": 1.0,
            "count": 10
        }
    },
    "metadata": {
        "timer_format_version": "0.1.0",
        "start_time_seconds": "1715976784",
        "python_version": "3.10.12 | packaged by Anaconda, Inc. | (main, Jul  5 2023, 19:01:18) [MSC v.1916 64 bit (AMD64)]",
        "command_line_arguments": "C:\\Users\\0937786\\AppData\\Local\\miniconda3\\envs\\mlagents\\Scripts\\mlagents-learn --run-id randomLocationsDoors",
        "mlagents_version": "1.1.0.dev0",
        "mlagents_envs_version": "1.1.0.dev0",
        "communication_protocol_version": "1.5.0",
        "pytorch_version": "2.2.2+cu121",
        "numpy_version": "1.23.5",
        "end_time_seconds": "1715977151"
    },
    "total": 366.9893377000044,
    "count": 1,
    "self": 0.007764600006339606,
    "children": {
        "run_training.setup": {
            "total": 0.08416659999784315,
            "count": 1,
            "self": 0.08416659999784315
        },
        "TrainerController.start_learning": {
            "total": 366.8974065000002,
            "count": 1,
            "self": 0.6925672995712375,
            "children": {
                "TrainerController._reset_env": {
                    "total": 10.37322409999615,
                    "count": 1,
                    "self": 10.37322409999615
                },
                "TrainerController.advance": {
                    "total": 355.7742047004358,
                    "count": 45154,
                    "self": 0.6583326993932133,
                    "children": {
                        "env_step": {
                            "total": 217.4651560005659,
                            "count": 45154,
                            "self": 163.08092110072903,
                            "children": {
                                "SubprocessEnvManager._take_step": {
                                    "total": 53.95969880065968,
                                    "count": 45154,
                                    "self": 1.4713847001767135,
                                    "children": {
                                        "TorchPolicy.evaluate": {
                                            "total": 52.48831410048297,
                                            "count": 29418,
                                            "self": 52.48831410048297
                                        }
                                    }
                                },
                                "workers": {
                                    "total": 0.42453609917720314,
                                    "count": 45154,
                                    "self": 0.0,
                                    "children": {
                                        "worker_root": {
                                            "total": 356.60699399985606,
                                            "count": 45154,
                                            "is_parallel": true,
                                            "self": 231.4304059999631,
                                            "children": {
                                                "steps_from_proto": {
                                                    "total": 0.0002908000024035573,
                                                    "count": 1,
                                                    "is_parallel": true,