{
    "name": "root",
    "gauges": {
        "MoveToDoor.Policy.Entropy.mean": {
            "value": 1.422497272491455,
            "min": 1.422497272491455,
            "max": 1.422497272491455,
            "count": 1
        },
        "MoveToDoor.Policy.Entropy.sum": {
            "value": 72807.6796875,
            "min": 72807.6796875,
            "max": 72807.6796875,
            "count": 1
        },
        "MoveToDoor.Environment.EpisodeLength.mean": {
            "value": 112.11926605504587,
            "min": 112.11926605504587,
            "max": 112.11926605504587,
            "count": 1
        },
        "MoveToDoor.Environment.EpisodeLength.sum": {
            "value": 12221.0,
            "min": 12221.0,
            "max": 12221.0,
            "count": 1
        },
        "MoveToDoor.Step.mean": {
            "value": 49962.0,
            "min": 49962.0,
            "max": 49962.0,
            "count": 1
        },
        "MoveToDoor.Step.sum": {
            "value": 49962.0,
            "min": 49962.0,
            "max": 49962.0,
            "count": 1
        },
        "MoveToDoor.Policy.ExtrinsicValueEstimate.mean": {
            "value": -4.3791704177856445,
            "min": -4.3791704177856445,
            "max": -4.3791704177856445,
            "count": 1
        },
        "MoveToDoor.Policy.ExtrinsicValueEstimate.sum": {
            "value": -3660.986328125,
            "min": -3660.986328125,
            "max": -3660.986328125,
            "count": 1
        },
        "MoveToDoor.Environment.CumulativeReward.mean": {
            "value": -81237.61467889909,
            "min": -81237.61467889909,
            "max": -81237.61467889909,
            "count": 1
        },
        "MoveToDoor.Environment.CumulativeReward.sum": {
            "value": -8854900.0,
            "min": -8854900.0,
            "max": -8854900.0,
            "count": 1
        },
        "MoveToDoor.Policy.ExtrinsicReward.mean": {
            "value": -81237.61467889909,
            "min": -81237.61467889909,
            "max": -81237.61467889909,
            "count": 1
        },
        "MoveToDoor.Policy.ExtrinsicReward.sum": {
            "value": -8854900.0,
            "min": -8854900.0,
            "max": -8854900.0,
            "count": 1
        },
        "MoveToDoor.Losses.PolicyLoss.mean": {
            "value": 0.02466112936381251,
            "min": 0.02466112936381251,
            "max": 0.02466112936381251,
            "count": 1
        },
        "MoveToDoor.Losses.PolicyLoss.sum": {
            "value": 0.09864451745525003,
            "min": 0.09864451745525003,
            "max": 0.09864451745525003,
            "count": 1
        },
        "MoveToDoor.Losses.ValueLoss.mean": {
            "value": 181790556.125,
            "min": 181790556.125,
            "max": 181790556.125,
            "count": 1
        },
        "MoveToDoor.Losses.ValueLoss.sum": {
            "value": 727162224.5,
            "min": 727162224.5,
            "max": 727162224.5,
            "count": 1
        },
        "MoveToDoor.Policy.LearningRate.mean": {
            "value": 0.0002845536051488,
            "min": 0.0002845536051488,
            "max": 0.0002845536051488,
            "count": 1
        },
        "MoveToDoor.Policy.LearningRate.sum": {
            "value": 0.0011382144205952,
            "min": 0.0011382144205952,
            "max": 0.0011382144205952,
            "count": 1
        },
        "MoveToDoor.Policy.Epsilon.mean": {
            "value": 0.19485120000000003,
            "min": 0.19485120000000003,
            "max": 0.19485120000000003,
            "count": 1
        },
        "MoveToDoor.Policy.Epsilon.sum": {
            "value": 0.7794048000000001,
            "min": 0.7794048000000001,
            "max": 0.7794048000000001,
            "count": 1
        },
        "MoveToDoor.Policy.Beta.mean": {
            "value": 0.00474307488,
            "min": 0.00474307488,
            "max": 0.00474307488,
            "count": 1
        },
        "MoveToDoor.Policy.Beta.sum": {
            "value": 0.01897229952,
            "min": 0.01897229952,
            "max": 0.01897229952,
            "count": 1
        },
        "MoveToDoor.IsTraining.mean": {
            "value": 1.0,
            "min": 1.0,
            "max": 1.0,
            "count": 1
        },
        "MoveToDoor.IsTraining.sum": {
            "value": 1.0,
            "min": 1.0,
            "max": 1.0,
            "count": 1
        }
    },
    "metadata": {
        "timer_format_version": "0.1.0",
        "start_time_seconds": "1716006695",
        "python_version": "3.10.12 | packaged by Anaconda, Inc. | (main, Jul  5 2023, 19:01:18) [MSC v.1916 64 bit (AMD64)]",
        "command_line_arguments": "C:\\Users\\morin\\miniconda3\\envs\\mlagents\\Scripts\\mlagents-learn --run-id=allRandom12",
        "mlagents_version": "1.1.0.dev0",
        "mlagents_envs_version": "1.1.0.dev0",
        "communication_protocol_version": "1.5.0",
        "pytorch_version": "2.2.2+cu121",
        "numpy_version": "1.23.5",
        "end_time_seconds": "1716006763"
    },
    "total": 67.28317269999934,
    "count": 1,
    "self": 0.010184100001424667,
    "children": {
        "run_training.setup": {
            "total": 0.026426799999171635,
            "count": 1,
            "self": 0.026426799999171635
        },
        "TrainerController.start_learning": {
            "total": 67.24656179999874,
            "count": 1,
            "self": 0.0889492999885988,
            "children": {
                "TrainerController._reset_env": {
                    "total": 11.877875099999073,
                    "count": 1,
                    "self": 11.877875099999073
                },
                "TrainerController.advance": {
                    "total": 55.197322400012126,
                    "count": 3011,
                    "self": 0.08465980003529694,
                    "children": {
                        "env_step": {
                            "total": 33.36983110003166,
                            "count": 3011,
                            "self": 29.354104300027757,
                            "children": {
                                "SubprocessEnvManager._take_step": {
                                    "total": 3.962308900026983,
                                    "count": 3011,
                                    "self": 0.28186740004093735,
                                    "children": {
                                        "TorchPolicy.evaluate": {
                                            "total": 3.6804414999860455,
                                            "count": 2932,
                                            "self": 3.6804414999860455
                                        }
                                    }
                                },
                                "workers": {
                                    "total": 0.053417899976921035,
                                    "count": 3010,
                                    "self": 0.0,
                                    "children": {
                                        "worker_root": {
                                            "total": 56.176038299958236,
                                            "count": 3010,
                                            "is_parallel": true,
                                            "self": 34.44600419993003,
                                            "children": {
                                                "steps_from_proto": {
                                                    "total": 0.0003400999994482845,
                                                    "count": 1,
                                                    "is_parallel": true,
                                                    "self": 0.00011690000064845663,