{
    "name": "root",
    "gauges": {
        "MoveToDoor.Policy.Entropy.mean": {
            "value": 1.3959460258483887,
            "min": 1.3959460258483887,
            "max": 1.4251612424850464,
            "count": 9
        },
        "MoveToDoor.Policy.Entropy.sum": {
            "value": 69836.390625,
            "min": 69814.2421875,
            "max": 72646.578125,
            "count": 9
        },
        "MoveToDoor.Environment.EpisodeLength.mean": {
            "value": 11.430880159124813,
            "min": 11.430880159124813,
            "max": 108.45232815964523,
            "count": 9
        },
        "MoveToDoor.Environment.EpisodeLength.sum": {
            "value": 45975.0,
            "min": 45975.0,
            "max": 49486.0,
            "count": 9
        },
        "MoveToDoor.Step.mean": {
            "value": 449994.0,
            "min": 49982.0,
            "max": 449994.0,
            "count": 9
        },
        "MoveToDoor.Step.sum": {
            "value": 449994.0,
            "min": 49982.0,
            "max": 449994.0,
            "count": 9
        },
        "MoveToDoor.Policy.ExtrinsicValueEstimate.mean": {
            "value": 1899.913330078125,
            "min": -3.418020009994507,
            "max": 1899.913330078125,
            "count": 9
        },
        "MoveToDoor.Policy.ExtrinsicValueEstimate.sum": {
            "value": 7641451.5,
            "min": -3448.7822265625,
            "max": 7641451.5,
            "count": 9
        },
        "MoveToDoor.Environment.CumulativeReward.mean": {
            "value": 11053.67976131278,
            "min": -2813.777777777778,
            "max": 11223.772678762007,
            "count": 9
        },
        "MoveToDoor.Environment.CumulativeReward.sum": {
            "value": 44457900.0,
            "min": -1266200.0,
            "max": 44457900.0,
            "count": 9
        },
        "MoveToDoor.Policy.ExtrinsicReward.mean": {
            "value": 11053.67976131278,
            "min": -2813.777777777778,
            "max": 11223.772678762007,
            "count": 9
        },
        "MoveToDoor.Policy.ExtrinsicReward.sum": {
            "value": 44457900.0,
            "min": -1266200.0,
            "max": 44457900.0,
            "count": 9
        },
        "MoveToDoor.Losses.PolicyLoss.mean": {
            "value": 0.021429873808907964,
            "min": 0.021053323795398076,
            "max": 0.025290775318474817,
            "count": 9
        },
        "MoveToDoor.Losses.PolicyLoss.sum": {
            "value": 0.10714936904453982,
            "min": 0.08994302720723985,
            "max": 0.1264538765923741,
            "count": 9
        },
        "MoveToDoor.Losses.ValueLoss.mean": {
            "value": 641651536.64,
            "min": 20417256.047916666,
            "max": 641651536.64,
            "count": 9
        },
        "MoveToDoor.Losses.ValueLoss.sum": {
            "value": 3208257683.2,
            "min": 81669024.19166666,
            "max": 3208257683.2,
            "count": 9
        },
        "MoveToDoor.Policy.LearningRate.mean": {
            "value": 4.7645124118320014e-05,
            "min": 4.7645124118320014e-05,
            "max": 0.00028457820514060005,
            "count": 9
        },
        "MoveToDoor.Policy.LearningRate.sum": {
            "value": 0.00023822562059160009,
            "min": 0.00023822562059160009,
            "max": 0.0012841782719405998,
            "count": 9
        },
        "MoveToDoor.Policy.Epsilon.mean": {
            "value": 0.11588168000000003,
            "min": 0.11588168000000003,
            "max": 0.1948594,
            "count": 9
        },
        "MoveToDoor.Policy.Epsilon.sum": {
            "value": 0.5794084000000002,
            "min": 0.5004242,
            "max": 0.9280594000000002,
            "count": 9
        },
        "MoveToDoor.Policy.Beta.mean": {
            "value": 0.0008024958320000002,
            "min": 0.0008024958320000002,
            "max": 0.00474348406,
            "count": 9
        },
        "MoveToDoor.Policy.Beta.sum": {
            "value": 0.004012479160000001,
            "min": 0.004012479160000001,
            "max": 0.02141016406,
            "count": 9
        },
        "MoveToDoor.IsTraining.mean": {
            "value": 1.0,
            "min": 1.0,
            "max": 1.0,
            "count": 9
        },
        "MoveToDoor.IsTraining.sum": {
            "value": 1.0,
            "min": 1.0,
            "max": 1.0,
            "count": 9
        }
    },
    "metadata": {
        "timer_format_version": "0.1.0",
        "start_time_seconds": "1716005988",
        "python_version": "3.10.12 | packaged by Anaconda, Inc. | (main, Jul  5 2023, 19:01:18) [MSC v.1916 64 bit (AMD64)]",
        "command_line_arguments": "C:\\Users\\morin\\miniconda3\\envs\\mlagents\\Scripts\\mlagents-learn --run-id=allRandom10",
        "mlagents_version": "1.1.0.dev0",
        "mlagents_envs_version": "1.1.0.dev0",
        "communication_protocol_version": "1.5.0",
        "pytorch_version": "2.2.2+cu121",
        "numpy_version": "1.23.5",
        "end_time_seconds": "1716006327"
    },
    "total": 339.8116341999994,
    "count": 1,
    "self": 0.010279000000082306,
    "children": {
        "run_training.setup": {
            "total": 0.02570919999925536,
            "count": 1,
            "self": 0.02570919999925536
        },
        "TrainerController.start_learning": {
            "total": 339.77564600000005,
            "count": 1,
            "self": 0.7512581999690155,
            "children": {
                "TrainerController._reset_env": {
                    "total": 6.873231900000974,
                    "count": 1,
                    "self": 6.873231900000974
                },
                "TrainerController.advance": {
                    "total": 332.04977590003,
                    "count": 29262,
                    "self": 0.6622597000987298,
                    "children": {
                        "env_step": {
                            "total": 203.9757802000113,
                            "count": 29262,
                            "self": 185.91439999984868,
                            "children": {
                                "SubprocessEnvManager._take_step": {
                                    "total": 17.61635720031336,
                                    "count": 29262,
                                    "self": 1.4121841004380258,
                                    "children": {
                                        "TorchPolicy.evaluate": {
                                            "total": 16.204173099875334,
                                            "count": 13682,
                                            "self": 16.204173099875334
                                        }
                                    }
                                },
                                "workers": {
                                    "total": 0.4450229998492432,
                                    "count": 29262,
                                    "self": 0.0,
                                    "children": {
                                        "worker_root": {
                                            "total": 331.7003962001236,
                                            "count": 29262,
                                            "is_parallel": true,
                                            "self": 193.29717770034767,
                                            "children": {
                                                "steps_from_proto": {
                                                    "total": 0.00046289999954751693,
                                                    "count": 1,
                                                    "is_parallel": true,
                                                    "self": 8.680000064487103e-05,