{
    "name": "root",
    "gauges": {
        "MoveToDoor.Policy.Entropy.mean": {
            "value": 1.4140719175338745,
            "min": 1.4140719175338745,
            "max": 1.4203922748565674,
            "count": 3
        },
        "MoveToDoor.Policy.Entropy.sum": {
            "value": 70649.859375,
            "min": 70432.4140625,
            "max": 72465.5703125,
            "count": 3
        },
        "MoveToDoor.Environment.EpisodeLength.mean": {
            "value": 45.193548387096776,
            "min": 45.193548387096776,
            "max": 148.01393728222996,
            "count": 3
        },
        "MoveToDoor.Environment.EpisodeLength.sum": {
            "value": 49035.0,
            "min": 42480.0,
            "max": 55643.0,
            "count": 3
        },
        "MoveToDoor.Step.mean": {
            "value": 149938.0,
            "min": 49999.0,
            "max": 149938.0,
            "count": 3
        },
        "MoveToDoor.Step.sum": {
            "value": 149938.0,
            "min": 49999.0,
            "max": 149938.0,
            "count": 3
        },
        "MoveToDoor.Policy.ExtrinsicValueEstimate.mean": {
            "value": 160.60374450683594,
            "min": -2.5432333946228027,
            "max": 160.60374450683594,
            "count": 3
        },
        "MoveToDoor.Policy.ExtrinsicValueEstimate.sum": {
            "value": 219063.5,
            "min": -2383.009765625,
            "max": 219063.5,
            "count": 3
        },
        "MoveToDoor.Environment.CumulativeReward.mean": {
            "value": 4516.666666666667,
            "min": 4516.666666666667,
            "max": 5519.874804381847,
            "count": 3
        },
        "MoveToDoor.Environment.CumulativeReward.sum": {
            "value": 4905100.0,
            "min": 1543600.0,
            "max": 4905100.0,
            "count": 3
        },
        "MoveToDoor.Policy.ExtrinsicReward.mean": {
            "value": 4516.666666666667,
            "min": 4516.666666666667,
            "max": 5519.874804381847,
            "count": 3
        },
        "MoveToDoor.Policy.ExtrinsicReward.sum": {
            "value": 4905100.0,
            "min": 1543600.0,
            "max": 4905100.0,
            "count": 3
        },
        "MoveToDoor.Losses.PolicyLoss.mean": {
            "value": 0.02257054541260004,
            "min": 0.02257054541260004,
            "max": 0.025289680464387253,
            "count": 3
        },
        "MoveToDoor.Losses.PolicyLoss.sum": {
            "value": 0.11285272706300019,
            "min": 0.10115872185754901,
            "max": 0.12474081233376638,
            "count": 3
        },
        "MoveToDoor.Losses.ValueLoss.mean": {
            "value": 70357160.44666666,
            "min": 15861398.14321696,
            "max": 70357160.44666666,
            "count": 3
        },
        "MoveToDoor.Losses.ValueLoss.sum": {
            "value": 351785802.2333333,
            "min": 63445592.57286784,
            "max": 351785802.2333333,
            "count": 3
        },
        "MoveToDoor.Policy.LearningRate.mean": {
            "value": 0.00022602206465931998,
            "min": 0.00022602206465931998,
            "max": 0.0002845887051371,
            "count": 3
        },
        "MoveToDoor.Policy.LearningRate.sum": {
            "value": 0.0011301103232966,
            "min": 0.0011301103232966,
            "max": 0.0012841344719552003,
            "count": 3
        },
        "MoveToDoor.Policy.Epsilon.mean": {
            "value": 0.17534068,
            "min": 0.17534068,
            "max": 0.19486290000000006,
            "count": 3
        },
        "MoveToDoor.Policy.Epsilon.sum": {
            "value": 0.8767034,
            "min": 0.7794516000000002,
            "max": 0.9280448000000002,
            "count": 3
        },
        "MoveToDoor.Policy.Beta.mean": {
            "value": 0.0037694999319999997,
            "min": 0.0037694999319999997,
            "max": 0.00474365871,
            "count": 3
        },
        "MoveToDoor.Policy.Beta.sum": {
            "value": 0.01884749966,
            "min": 0.01884749966,
            "max": 0.02140943552,
            "count": 3
        },
        "MoveToDoor.IsTraining.mean": {
            "value": 1.0,
            "min": 1.0,
            "max": 1.0,
            "count": 3
        },
        "MoveToDoor.IsTraining.sum": {
            "value": 1.0,
            "min": 1.0,
            "max": 1.0,
            "count": 3
        }
    },
    "metadata": {
        "timer_format_version": "0.1.0",
        "start_time_seconds": "1716007073",
        "python_version": "3.10.12 | packaged by Anaconda, Inc. | (main, Jul  5 2023, 19:01:18) [MSC v.1916 64 bit (AMD64)]",
        "command_line_arguments": "C:\\Users\\morin\\miniconda3\\envs\\mlagents\\Scripts\\mlagents-learn --run-id=allRandom15",
        "mlagents_version": "1.1.0.dev0",
        "mlagents_envs_version": "1.1.0.dev0",
        "communication_protocol_version": "1.5.0",
        "pytorch_version": "2.2.2+cu121",
        "numpy_version": "1.23.5",
        "end_time_seconds": "1716007189"
    },
    "total": 115.49225540000043,
    "count": 1,
    "self": 0.010245600000416744,
    "children": {
        "run_training.setup": {
            "total": 0.02669659999992291,
            "count": 1,
            "self": 0.02669659999992291
        },
        "TrainerController.start_learning": {
            "total": 115.45531320000009,
            "count": 1,
            "self": 0.19757129996287404,
            "children": {
                "TrainerController._reset_env": {
                    "total": 12.430251699999644,
                    "count": 1,
                    "self": 12.430251699999644
                },
                "TrainerController.advance": {
                    "total": 102.72685510003976,
                    "count": 7102,
                    "self": 0.1787748000388092,
                    "children": {
                        "env_step": {
                            "total": 62.51879760000156,
                            "count": 7102,
                            "self": 55.42243229993073,
                            "children": {
                                "SubprocessEnvManager._take_step": {
                                    "total": 6.9806438000596245,
                                    "count": 7102,
                                    "self": 0.4900505000168778,
                                    "children": {
                                        "TorchPolicy.evaluate": {
                                            "total": 6.490593300042747,
                                            "count": 5230,
                                            "self": 6.490593300042747
                                        }
                                    }
                                },
                                "workers": {
                                    "total": 0.11572150001120463,
                                    "count": 7101,
                                    "self": 0.0,
                                    "children": {
                                        "worker_root": {
                                            "total": 103.4688643000245,
                                            "count": 7101,
                                            "is_parallel": true,
                                            "self": 62.753713799913385,
                                            "children": {
                                                "steps_from_proto": {
                                                    "total": 0.000614199998381082,
                                                    "count": 1,
                                                    "is_parallel": true,
                                                    "self": 0.00018829999862646218,