{
    "name": "root",
    "gauges": {
        "MoveToGoal.Policy.Entropy.mean": {
            "value": 1.4224896430969238,
            "min": 1.4190102815628052,
            "max": 1.4224896430969238,
            "count": 2
        },
        "MoveToGoal.Policy.Entropy.sum": {
            "value": 71168.578125,
            "min": 71168.578125,
            "max": 71645.828125,
            "count": 2
        },
        "MoveToGoal.Environment.EpisodeLength.mean": {
            "value": 1645.0,
            "min": 127.1067615658363,
            "max": 1645.0,
            "count": 2
        },
        "MoveToGoal.Environment.EpisodeLength.sum": {
            "value": 3290.0,
            "min": 3290.0,
            "max": 35717.0,
            "count": 2
        },
        "MoveToGoal.Step.mean": {
            "value": 99962.0,
            "min": 49950.0,
            "max": 99962.0,
            "count": 2
        },
        "MoveToGoal.Step.sum": {
            "value": 99962.0,
            "min": 49950.0,
            "max": 99962.0,
            "count": 2
        },
        "MoveToGoal.Policy.ExtrinsicValueEstimate.mean": {
            "value": -3.338916778564453,
            "min": -3.338916778564453,
            "max": -2.052104949951172,
            "count": 2
        },
        "MoveToGoal.Policy.ExtrinsicValueEstimate.sum": {
            "value": -2611.032958984375,
            "min": -2611.032958984375,
            "max": -1961.812255859375,
            "count": 2
        },
        "MoveToGoal.Environment.CumulativeReward.mean": {
            "value": -64000.0,
            "min": -81832.74021352314,
            "max": -64000.0,
            "count": 2
        },
        "MoveToGoal.Environment.CumulativeReward.sum": {
            "value": -128000.0,
            "min": -22995000.0,
            "max": -128000.0,
            "count": 2
        },
        "MoveToGoal.Policy.ExtrinsicReward.mean": {
            "value": -64000.0,
            "min": -81832.74021352314,
            "max": -64000.0,
            "count": 2
        },
        "MoveToGoal.Policy.ExtrinsicReward.sum": {
            "value": -128000.0,
            "min": -22995000.0,
            "max": -128000.0,
            "count": 2
        },
        "MoveToGoal.Losses.PolicyLoss.mean": {
            "value": 0.02387980928954979,
            "min": 0.022646566189359875,
            "max": 0.02387980928954979,
            "count": 2
        },
        "MoveToGoal.Losses.PolicyLoss.sum": {
            "value": 0.11939904644774894,
            "min": 0.0905862647574395,
            "max": 0.11939904644774894,
            "count": 2
        },
        "MoveToGoal.Losses.ValueLoss.mean": {
            "value": 3703428.8849999993,
            "min": 3703428.8849999993,
            "max": 377585424.1635417,
            "count": 2
        },
        "MoveToGoal.Losses.ValueLoss.sum": {
            "value": 18517144.424999997,
            "min": 18517144.424999997,
            "max": 1510341696.6541667,
            "count": 2
        },
        "MoveToGoal.Policy.LearningRate.mean": {
            "value": 0.00025675705441432,
            "min": 0.00025675705441432,
            "max": 0.0002845780551406499,
            "count": 2
        },
        "MoveToGoal.Policy.LearningRate.sum": {
            "value": 0.0012837852720716,
            "min": 0.0011383122205625997,
            "max": 0.0012837852720716,
            "count": 2
        },
        "MoveToGoal.Policy.Epsilon.mean": {
            "value": 0.18558568000000003,
            "min": 0.18558568000000003,
            "max": 0.19485935000000001,
            "count": 2
        },
        "MoveToGoal.Policy.Epsilon.sum": {
            "value": 0.9279284000000002,
            "min": 0.7794374000000001,
            "max": 0.9279284000000002,
            "count": 2
        },
        "MoveToGoal.Policy.Beta.mean": {
            "value": 0.004280725432,
            "min": 0.004280725432,
            "max": 0.004743481565,
            "count": 2
        },
        "MoveToGoal.Policy.Beta.sum": {
            "value": 0.02140362716,
            "min": 0.01897392626,
            "max": 0.02140362716,
            "count": 2
        },
        "MoveToGoal.IsTraining.mean": {
            "value": 1.0,
            "min": 1.0,
            "max": 1.0,
            "count": 2
        },
        "MoveToGoal.IsTraining.sum": {
            "value": 1.0,
            "min": 1.0,
            "max": 1.0,
            "count": 2
        }
    },
    "metadata": {
        "timer_format_version": "0.1.0",
        "start_time_seconds": "1715978127",
        "python_version": "3.10.12 | packaged by Anaconda, Inc. | (main, Jul  5 2023, 19:01:18) [MSC v.1916 64 bit (AMD64)]",
        "command_line_arguments": "C:\\Users\\0937786\\AppData\\Local\\miniconda3\\envs\\mlagents\\Scripts\\mlagents-learn --initialize-from=randomLocationsDoors2 --run-id=randomLocationsDoors5",
        "mlagents_version": "1.1.0.dev0",
        "mlagents_envs_version": "1.1.0.dev0",
        "communication_protocol_version": "1.5.0",
        "pytorch_version": "2.2.2+cu121",
        "numpy_version": "1.23.5",
        "end_time_seconds": "1715978275"
    },
    "total": 147.8014203999992,
    "count": 1,
    "self": 0.006145199993625283,
    "children": {
        "run_training.setup": {
            "total": 0.08322050000424497,
            "count": 1,
            "self": 0.08322050000424497
        },
        "TrainerController.start_learning": {
            "total": 147.71205470000132,
            "count": 1,
            "self": 0.10739729980559787,
            "children": {
                "TrainerController._reset_env": {
                    "total": 14.723617900002864,
                    "count": 1,
                    "self": 14.723617900002864
                },
                "TrainerController.advance": {
                    "total": 132.77333250019728,
                    "count": 7187,
                    "self": 0.10619510036485735,
                    "children": {
                        "env_step": {
                            "total": 109.58030389972555,
                            "count": 7187,
                            "self": 97.61024789982184,
                            "children": {
                                "SubprocessEnvManager._take_step": {
                                    "total": 11.901900300021225,
                                    "count": 7187,
                                    "self": 0.38364680032100296,
                                    "children": {
                                        "TorchPolicy.evaluate": {
                                            "total": 11.518253499700222,
                                            "count": 6981,
                                            "self": 11.518253499700222
                                        }
                                    }
                                },
                                "workers": {
                                    "total": 0.06815569988248171,
                                    "count": 7186,
                                    "self": 0.0,
                                    "children": {
                                        "worker_root": {
                                            "total": 71.0741201999117,
                                            "count": 7186,
                                            "is_parallel": true,
                                            "self": 43.277063300112786,
                                            "children": {
                                                "steps_from_proto": {
                                                    "total": 0.00029010000434936956,
                                                    "count": 1,
                                                    "is_parallel": true,
                                                    "self": 0.0001016000023810193,