{"count":1,"self":72.6712384,"total":363.2038066,"children":{"InitializeActuators":{"count":17,"self":0.000996,"total":0.000996,"children":null},"InitializeSensors":{"count":17,"self":0.0009973,"total":0.0009973,"children":null},"AgentSendState":{"count":147134,"self":1.2105389,"total":4.8467331,"children":{"CollectObservations":{"count":500259,"self":0.5414184,"total":0.5414184,"children":null},"WriteActionMask":{"count":500259,"self":0.23851419999999998,"total":0.23851419999999998,"children":null},"RequestDecision":{"count":500259,"self":0.91634339999999992,"total":2.8562616,"children":{"AgentInfo.ToProto":{"count":500259,"self":0.82746219999999993,"total":1.9399182,"children":{"GenerateSensorData":{"count":500259,"self":1.112456,"total":1.112456,"children":null}}}}}}},"DecideAction":{"count":147134,"self":283.25340159999996,"total":283.25340239999997,"children":null},"AgentAct":{"count":147134,"self":2.2711623999999997,"total":2.2711625,"children":null},"AgentInfo.ToProto":{"count":18850,"self":0.082804599999999992,"total":0.1592756,"children":{"GenerateSensorData":{"count":18850,"self":0.076471,"total":0.076471,"children":null}}}},"gauges":{"MoveToGoal.CumulativeReward":{"count":18850,"max":107000,"min":-200000,"runningAverage":34727.4336,"value":101000,"weightedAverage":55623.78}},"metadata":{"timer_format_version":"0.1.0","start_time_seconds":"1715978888","unity_version":"2022.3.22f1","command_line_arguments":"C:\\Program Files\\Unity\\Hub\\Editor\\2022.3.22f1\\Editor\\Unity.exe -projectpath C:\\Users\\0937786\\Documents\\GitHub\\6C5E24-TP3-DM-\\Project -useHub -hubIPC -cloudEnvironment production","communication_protocol_version":"1.5.0","com.unity.ml-agents_version":"3.0.0-exp.1","scene_name":"Entrainement","end_time_seconds":"1715979251"}}