{"count":1,"self":97.7079424,"total":470.18316849999997,"children":{"InitializeActuators":{"count":17,"self":0.0009983,"total":0.0009983,"children":null},"InitializeSensors":{"count":17,"self":0,"total":0,"children":null},"AgentSendState":{"count":147101,"self":0.83493129999999993,"total":3.2573681999999997,"children":{"CollectObservations":{"count":500157,"self":0.37467829999999996,"total":0.37467829999999996,"children":null},"WriteActionMask":{"count":500157,"self":0.15477069999999998,"total":0.15477069999999998,"children":null},"RequestDecision":{"count":500157,"self":0.5647362,"total":1.8929878999999998,"children":{"AgentInfo.ToProto":{"count":500157,"self":0.5267701,"total":1.3282517,"children":{"GenerateSensorData":{"count":500157,"self":0.8014816,"total":0.8014816,"children":null}}}}}}},"DecideAction":{"count":147101,"self":366.4439296,"total":366.4439403,"children":null},"AgentAct":{"count":147101,"self":2.4528548,"total":2.4528547,"children":null},"AgentInfo.ToProto":{"count":29756,"self":0.1489297,"total":0.3200675,"children":{"GenerateSensorData":{"count":29756,"self":0.17113779999999998,"total":0.17113779999999998,"children":null}}}},"gauges":{"MoveToDoor.CumulativeReward":{"count":29756,"max":106000,"min":-1000,"runningAverage":97977.21,"value":101000,"weightedAverage":100999.984}},"metadata":{"timer_format_version":"0.1.0","start_time_seconds":"1716047625","unity_version":"2022.3.22f1","command_line_arguments":"C:\\Program Files\\Unity\\Hub\\Editor\\2022.3.22f1\\Editor\\Unity.exe -projectpath C:\\Users\\morin\\Documents\\Ecole\\H24\\Projet\\6C5E24-TP3-DM-\\Project -useHub -hubIPC -cloudEnvironment production","communication_protocol_version":"1.5.0","com.unity.ml-agents_version":"3.0.0-exp.1","scene_name":"Jeu","end_time_seconds":"1716048095"}}