{
    "name": "root",
    "gauges": {
        "MoveToGoal.Policy.Entropy.mean": {
            "value": 1.414382815361023,
            "min": 1.414382815361023,
            "max": 1.414382815361023,
            "count": 1
        },
        "MoveToGoal.Policy.Entropy.sum": {
            "value": 71316.0078125,
            "min": 71316.0078125,
            "max": 71316.0078125,
            "count": 1
        },
        "MoveToGoal.Environment.EpisodeLength.mean": {
            "value": 106.22083333333333,
            "min": 106.22083333333333,
            "max": 106.22083333333333,
            "count": 1
        },
        "MoveToGoal.Environment.EpisodeLength.sum": {
            "value": 25493.0,
            "min": 25493.0,
            "max": 25493.0,
            "count": 1
        },
        "MoveToGoal.Step.mean": {
            "value": 49989.0,
            "min": 49989.0,
            "max": 49989.0,
            "count": 1
        },
        "MoveToGoal.Step.sum": {
            "value": 49989.0,
            "min": 49989.0,
            "max": 49989.0,
            "count": 1
        },
        "MoveToGoal.Policy.ExtrinsicValueEstimate.mean": {
            "value": -4.053383827209473,
            "min": -4.053383827209473,
            "max": -4.053383827209473,
            "count": 1
        },
        "MoveToGoal.Policy.ExtrinsicValueEstimate.sum": {
            "value": -3761.540283203125,
            "min": -3761.540283203125,
            "max": -3761.540283203125,
            "count": 1
        },
        "MoveToGoal.Environment.CumulativeReward.mean": {
            "value": -96387.5,
            "min": -96387.5,
            "max": -96387.5,
            "count": 1
        },
        "MoveToGoal.Environment.CumulativeReward.sum": {
            "value": -23133000.0,
            "min": -23133000.0,
            "max": -23133000.0,
            "count": 1
        },
        "MoveToGoal.Policy.ExtrinsicReward.mean": {
            "value": -96387.5,
            "min": -96387.5,
            "max": -96387.5,
            "count": 1
        },
        "MoveToGoal.Policy.ExtrinsicReward.sum": {
            "value": -23133000.0,
            "min": -23133000.0,
            "max": -23133000.0,
            "count": 1
        },
        "MoveToGoal.Losses.PolicyLoss.mean": {
            "value": 0.025277282274328173,
            "min": 0.025277282274328173,
            "max": 0.025277282274328173,
            "count": 1
        },
        "MoveToGoal.Losses.PolicyLoss.sum": {
            "value": 0.10110912909731269,
            "min": 0.10110912909731269,
            "max": 0.10110912909731269,
            "count": 1
        },
        "MoveToGoal.Losses.ValueLoss.mean": {
            "value": 398025042.5738281,
            "min": 398025042.5738281,
            "max": 398025042.5738281,
            "count": 1
        },
        "MoveToGoal.Losses.ValueLoss.sum": {
            "value": 1592100170.2953124,
            "min": 1592100170.2953124,
            "max": 1592100170.2953124,
            "count": 1
        },
        "MoveToGoal.Policy.LearningRate.mean": {
            "value": 0.00028457025514325,
            "min": 0.00028457025514325,
            "max": 0.00028457025514325,
            "count": 1
        },
        "MoveToGoal.Policy.LearningRate.sum": {
            "value": 0.001138281020573,
            "min": 0.001138281020573,
            "max": 0.001138281020573,
            "count": 1
        },
        "MoveToGoal.Policy.Epsilon.mean": {
            "value": 0.19485675000000002,
            "min": 0.19485675000000002,
            "max": 0.19485675000000002,
            "count": 1
        },
        "MoveToGoal.Policy.Epsilon.sum": {
            "value": 0.7794270000000001,
            "min": 0.7794270000000001,
            "max": 0.7794270000000001,
            "count": 1
        },
        "MoveToGoal.Policy.Beta.mean": {
            "value": 0.0047433518249999996,
            "min": 0.0047433518249999996,
            "max": 0.0047433518249999996,
            "count": 1
        },
        "MoveToGoal.Policy.Beta.sum": {
            "value": 0.018973407299999998,
            "min": 0.018973407299999998,
            "max": 0.018973407299999998,
            "count": 1
        },
        "MoveToGoal.IsTraining.mean": {
            "value": 1.0,
            "min": 1.0,
            "max": 1.0,
            "count": 1
        },
        "MoveToGoal.IsTraining.sum": {
            "value": 1.0,
            "min": 1.0,
            "max": 1.0,
            "count": 1
        }
    },
    "metadata": {
        "timer_format_version": "0.1.0",
        "start_time_seconds": "1715978043",
        "python_version": "3.10.12 | packaged by Anaconda, Inc. | (main, Jul  5 2023, 19:01:18) [MSC v.1916 64 bit (AMD64)]",
        "command_line_arguments": "C:\\Users\\0937786\\AppData\\Local\\miniconda3\\envs\\mlagents\\Scripts\\mlagents-learn --run-id randomLocationsDoors4",
        "mlagents_version": "1.1.0.dev0",
        "mlagents_envs_version": "1.1.0.dev0",
        "communication_protocol_version": "1.5.0",
        "pytorch_version": "2.2.2+cu121",
        "numpy_version": "1.23.5",
        "end_time_seconds": "1715978117"
    },
    "total": 73.76464280000073,
    "count": 1,
    "self": 0.006648100003076252,
    "children": {
        "run_training.setup": {
            "total": 0.08099260000017239,
            "count": 1,
            "self": 0.08099260000017239
        },
        "TrainerController.start_learning": {
            "total": 73.67700209999748,
            "count": 1,
            "self": 0.0858905001587118,
            "children": {
                "TrainerController._reset_env": {
                    "total": 11.623578400001861,
                    "count": 1,
                    "self": 11.623578400001861
                },
                "TrainerController.advance": {
                    "total": 61.85554589984531,
                    "count": 5661,
                    "self": 0.08548029982193839,
                    "children": {
                        "env_step": {
                            "total": 43.03396239988069,
                            "count": 5661,
                            "self": 33.680148800311144,
                            "children": {
                                "SubprocessEnvManager._take_step": {
                                    "total": 9.299053999806347,
                                    "count": 5661,
                                    "self": 0.32741409985465,
                                    "children": {
                                        "TorchPolicy.evaluate": {
                                            "total": 8.971639899951697,
                                            "count": 5494,
                                            "self": 8.971639899951697
                                        }
                                    }
                                },
                                "workers": {
                                    "total": 0.05475959976320155,
                                    "count": 5660,
                                    "self": 0.0,
                                    "children": {
                                        "worker_root": {
                                            "total": 56.700728900003014,
                                            "count": 5660,
                                            "is_parallel": true,
                                            "self": 34.71139640027832,
                                            "children": {
                                                "steps_from_proto": {
                                                    "total": 0.0002843000038410537,
                                                    "count": 1,
                                                    "is_parallel": true,
                                                    "self": 9.99000039882958e-05,