{
    "name": "root",
    "gauges": {
        "MoveToDoor.Policy.Entropy.mean": {
            "value": 1.4378986358642578,
            "min": 1.420486330986023,
            "max": 1.4378986358642578,
            "count": 3
        },
        "MoveToDoor.Policy.Entropy.sum": {
            "value": 71697.9375,
            "min": 71302.1875,
            "max": 72657.875,
            "count": 3
        },
        "MoveToDoor.Environment.EpisodeLength.mean": {
            "value": 1648.5,
            "min": 113.97073170731707,
            "max": 1648.5,
            "count": 3
        },
        "MoveToDoor.Environment.EpisodeLength.sum": {
            "value": 16485.0,
            "min": 12627.0,
            "max": 23364.0,
            "count": 3
        },
        "MoveToDoor.Step.mean": {
            "value": 149979.0,
            "min": 49937.0,
            "max": 149979.0,
            "count": 3
        },
        "MoveToDoor.Step.sum": {
            "value": 149979.0,
            "min": 49937.0,
            "max": 149979.0,
            "count": 3
        },
        "MoveToDoor.Policy.ExtrinsicValueEstimate.mean": {
            "value": 145.01634216308594,
            "min": -0.5824350714683533,
            "max": 145.01634216308594,
            "count": 3
        },
        "MoveToDoor.Policy.ExtrinsicValueEstimate.sum": {
            "value": 113982.84375,
            "min": -517.2023315429688,
            "max": 113982.84375,
            "count": 3
        },
        "MoveToDoor.Environment.CumulativeReward.mean": {
            "value": 137716.0,
            "min": -4741.073170731707,
            "max": 137716.0,
            "count": 3
        },
        "MoveToDoor.Environment.CumulativeReward.sum": {
            "value": 1377160.0,
            "min": -971920.0,
            "max": 1377160.0,
            "count": 3
        },
        "MoveToDoor.Policy.ExtrinsicReward.mean": {
            "value": 137716.0,
            "min": -4741.073170731707,
            "max": 137716.0,
            "count": 3
        },
        "MoveToDoor.Policy.ExtrinsicReward.sum": {
            "value": 1377160.0,
            "min": -971920.0,
            "max": 1377160.0,
            "count": 3
        },
        "MoveToDoor.Losses.PolicyLoss.mean": {
            "value": 0.023873009285889563,
            "min": 0.023873009285889563,
            "max": 0.027143424601914982,
            "count": 3
        },
        "MoveToDoor.Losses.PolicyLoss.sum": {
            "value": 0.11936504642944781,
            "min": 0.10857369840765993,
            "max": 0.12143800438304121,
            "count": 3
        },
        "MoveToDoor.Losses.ValueLoss.mean": {
            "value": 9636897.706666667,
            "min": 8331370.683333333,
            "max": 9933278.4375,
            "count": 3
        },
        "MoveToDoor.Losses.ValueLoss.sum": {
            "value": 48184488.53333333,
            "min": 39733113.75,
            "max": 48184488.53333333,
            "count": 3
        },
        "MoveToDoor.Policy.LearningRate.mean": {
            "value": 0.00022589678470108003,
            "min": 0.00022589678470108003,
            "max": 0.00028455165514944996,
            "count": 3
        },
        "MoveToDoor.Policy.LearningRate.sum": {
            "value": 0.0011294839235054001,
            "min": 0.0011294839235054001,
            "max": 0.0012837960720679998,
            "count": 3
        },
        "MoveToDoor.Policy.Epsilon.mean": {
            "value": 0.17529892,
            "min": 0.17529892,
            "max": 0.19485055000000004,
            "count": 3
        },
        "MoveToDoor.Policy.Epsilon.sum": {
            "value": 0.8764946,
            "min": 0.7794022000000002,
            "max": 0.9279320000000002,
            "count": 3
        },
        "MoveToDoor.Policy.Beta.mean": {
            "value": 0.0037674161080000004,
            "min": 0.0037674161080000004,
            "max": 0.004743042444999999,
            "count": 3
        },
        "MoveToDoor.Policy.Beta.sum": {
            "value": 0.018837080540000002,
            "min": 0.018837080540000002,
            "max": 0.021403806800000005,
            "count": 3
        },
        "MoveToDoor.IsTraining.mean": {
            "value": 1.0,
            "min": 1.0,
            "max": 1.0,
            "count": 3
        },
        "MoveToDoor.IsTraining.sum": {
            "value": 1.0,
            "min": 1.0,
            "max": 1.0,
            "count": 3
        }
    },
    "metadata": {
        "timer_format_version": "0.1.0",
        "start_time_seconds": "1716006806",
        "python_version": "3.10.12 | packaged by Anaconda, Inc. | (main, Jul  5 2023, 19:01:18) [MSC v.1916 64 bit (AMD64)]",
        "command_line_arguments": "C:\\Users\\morin\\miniconda3\\envs\\mlagents\\Scripts\\mlagents-learn --run-id=allRandom13",
        "mlagents_version": "1.1.0.dev0",
        "mlagents_envs_version": "1.1.0.dev0",
        "communication_protocol_version": "1.5.0",
        "pytorch_version": "2.2.2+cu121",
        "numpy_version": "1.23.5",
        "end_time_seconds": "1716006912"
    },
    "total": 105.39068559999941,
    "count": 1,
    "self": 0.00855779999801598,
    "children": {
        "run_training.setup": {
            "total": 0.02721680000104243,
            "count": 1,
            "self": 0.02721680000104243
        },
        "TrainerController.start_learning": {
            "total": 105.35491100000036,
            "count": 1,
            "self": 0.16415030011012277,
            "children": {
                "TrainerController._reset_env": {
                    "total": 6.093457499999204,
                    "count": 1,
                    "self": 6.093457499999204
                },
                "TrainerController.advance": {
                    "total": 99.00008949989206,
                    "count": 5475,
                    "self": 0.149847599937857,
                    "children": {
                        "env_step": {
                            "total": 59.924517499970534,
                            "count": 5475,
                            "self": 52.790832499902535,
                            "children": {
                                "SubprocessEnvManager._take_step": {
                                    "total": 7.036132099987299,
                                    "count": 5475,
                                    "self": 0.5003897001370206,
                                    "children": {
                                        "TorchPolicy.evaluate": {
                                            "total": 6.535742399850278,
                                            "count": 5334,
                                            "self": 6.535742399850278
                                        }
                                    }
                                },
                                "workers": {
                                    "total": 0.09755290008070006,
                                    "count": 5475,
                                    "self": 0.0,
                                    "children": {
                                        "worker_root": {
                                            "total": 98.85222539989627,
                                            "count": 5475,
                                            "is_parallel": true,
                                            "self": 59.837069899849666,
                                            "children": {
                                                "steps_from_proto": {
                                                    "total": 0.000377200000002631,
                                                    "count": 1,
                                                    "is_parallel": true,
                                                    "self": 0.00012740000056510326,