{
    "name": "root",
    "gauges": {
        "MoveToDoor.Policy.Entropy.mean": {
            "value": 1.424389362335205,
            "min": 1.420239806175232,
            "max": 1.424736499786377,
            "count": 10
        },
        "MoveToDoor.Policy.Entropy.sum": {
            "value": 71494.375,
            "min": 70931.609375,
            "max": 72437.8828125,
            "count": 10
        },
        "MoveToDoor.Environment.EpisodeLength.mean": {
            "value": 156.04076086956522,
            "min": 39.372687224669605,
            "max": 237.47826086956522,
            "count": 10
        },
        "MoveToDoor.Environment.EpisodeLength.sum": {
            "value": 57423.0,
            "min": 24135.0,
            "max": 57423.0,
            "count": 10
        },
        "MoveToDoor.Step.mean": {
            "value": 499963.0,
            "min": 49999.0,
            "max": 499963.0,
            "count": 10
        },
        "MoveToDoor.Step.sum": {
            "value": 499963.0,
            "min": 49999.0,
            "max": 499963.0,
            "count": 10
        },
        "MoveToDoor.Policy.ExtrinsicValueEstimate.mean": {
            "value": 919.7145385742188,
            "min": 1.0700600147247314,
            "max": 919.7145385742188,
            "count": 10
        },
        "MoveToDoor.Policy.ExtrinsicValueEstimate.sum": {
            "value": 945466.5625,
            "min": 1148.1744384765625,
            "max": 945466.5625,
            "count": 10
        },
        "MoveToDoor.Environment.CumulativeReward.mean": {
            "value": 20741.304347826088,
            "min": 1283.0188679245282,
            "max": 28165.656565656565,
            "count": 10
        },
        "MoveToDoor.Environment.CumulativeReward.sum": {
            "value": 7632800.0,
            "min": 748000.0,
            "max": 7632800.0,
            "count": 10
        },
        "MoveToDoor.Policy.ExtrinsicReward.mean": {
            "value": 20741.304347826088,
            "min": 1283.0188679245282,
            "max": 28165.656565656565,
            "count": 10
        },
        "MoveToDoor.Policy.ExtrinsicReward.sum": {
            "value": 7632800.0,
            "min": 748000.0,
            "max": 7632800.0,
            "count": 10
        },
        "MoveToDoor.Losses.PolicyLoss.mean": {
            "value": 0.024292952129617334,
            "min": 0.021933331116257858,
            "max": 0.02737155769641201,
            "count": 10
        },
        "MoveToDoor.Losses.PolicyLoss.sum": {
            "value": 0.12146476064808667,
            "min": 0.09586073879618198,
            "max": 0.13685778848206004,
            "count": 10
        },
        "MoveToDoor.Losses.ValueLoss.mean": {
            "value": 116477769.25333333,
            "min": 17407711.367773436,
            "max": 116477769.25333333,
            "count": 10
        },
        "MoveToDoor.Losses.ValueLoss.sum": {
            "value": 582388846.2666667,
            "min": 69630845.47109374,
            "max": 582388846.2666667,
            "count": 10
        },
        "MoveToDoor.Policy.LearningRate.mean": {
            "value": 1.643361452216e-05,
            "min": 1.643361452216e-05,
            "max": 0.0002845897551367499,
            "count": 10
        },
        "MoveToDoor.Policy.LearningRate.sum": {
            "value": 8.21680726108e-05,
            "min": 8.21680726108e-05,
            "max": 0.0012844104718631997,
            "count": 10
        },
        "MoveToDoor.Policy.Epsilon.mean": {
            "value": 0.10547784,
            "min": 0.10547784,
            "max": 0.19486325000000002,
            "count": 10
        },
        "MoveToDoor.Policy.Epsilon.sum": {
            "value": 0.5273892,
            "min": 0.5000888,
            "max": 0.9281368000000002,
            "count": 10
        },
        "MoveToDoor.Policy.Beta.mean": {
            "value": 0.0002833442160000001,
            "min": 0.0002833442160000001,
            "max": 0.004743676175,
            "count": 10
        },
        "MoveToDoor.Policy.Beta.sum": {
            "value": 0.0014167210800000005,
            "min": 0.0014167210800000005,
            "max": 0.021414026320000005,
            "count": 10
        },
        "MoveToDoor.IsTraining.mean": {
            "value": 1.0,
            "min": 1.0,
            "max": 1.0,
            "count": 10
        },
        "MoveToDoor.IsTraining.sum": {
            "value": 1.0,
            "min": 1.0,
            "max": 1.0,
            "count": 10
        }
    },
    "metadata": {
        "timer_format_version": "0.1.0",
        "start_time_seconds": "1716007344",
        "python_version": "3.10.12 | packaged by Anaconda, Inc. | (main, Jul  5 2023, 19:01:18) [MSC v.1916 64 bit (AMD64)]",
        "command_line_arguments": "C:\\Users\\morin\\miniconda3\\envs\\mlagents\\Scripts\\mlagents-learn --run-id=allRandom17",
        "mlagents_version": "1.1.0.dev0",
        "mlagents_envs_version": "1.1.0.dev0",
        "communication_protocol_version": "1.5.0",
        "pytorch_version": "2.2.2+cu121",
        "numpy_version": "1.23.5",
        "end_time_seconds": "1716007642"
    },
    "total": 297.77355179999904,
    "count": 1,
    "self": 0.013331999998626998,
    "children": {
        "run_training.setup": {
            "total": 0.025371199999426608,
            "count": 1,
            "self": 0.025371199999426608
        },
        "TrainerController.start_learning": {
            "total": 297.734848600001,
            "count": 1,
            "self": 0.510528300103033,
            "children": {
                "TrainerController._reset_env": {
                    "total": 11.215567799999917,
                    "count": 1,
                    "self": 11.215567799999917
                },
                "TrainerController.advance": {
                    "total": 285.98414269989735,
                    "count": 18468,
                    "self": 0.4718790997922042,
                    "children": {
                        "env_step": {
                            "total": 173.05152139992242,
                            "count": 18468,
                            "self": 152.5603428999384,
                            "children": {
                                "SubprocessEnvManager._take_step": {
                                    "total": 20.181075599954056,
                                    "count": 18468,
                                    "self": 1.4101702999905683,
                                    "children": {
                                        "TorchPolicy.evaluate": {
                                            "total": 18.770905299963488,
                                            "count": 15185,
                                            "self": 18.770905299963488
                                        }
                                    }
                                },
                                "workers": {
                                    "total": 0.31010290002996044,
                                    "count": 18468,
                                    "self": 0.0,
                                    "children": {
                                        "worker_root": {
                                            "total": 286.5703187999552,
                                            "count": 18468,
                                            "is_parallel": true,
                                            "self": 174.80456640004013,
                                            "children": {
                                                "steps_from_proto": {
                                                    "total": 0.0004040000003442401,
                                                    "count": 1,
                                                    "is_parallel": true,
                                                    "self": 9.510000199952628e-05,