{
    "name": "root",
    "gauges": {
        "MoveToGoal.Policy.Entropy.mean": {
            "value": 1.4209405183792114,
            "min": 1.4209405183792114,
            "max": 1.4209405183792114,
            "count": 1
        },
        "MoveToGoal.Policy.Entropy.sum": {
            "value": 71791.6015625,
            "min": 71791.6015625,
            "max": 71791.6015625,
            "count": 1
        },
        "MoveToGoal.Environment.EpisodeLength.mean": {
            "value": 86.76091954022988,
            "min": 86.76091954022988,
            "max": 86.76091954022988,
            "count": 1
        },
        "MoveToGoal.Environment.EpisodeLength.sum": {
            "value": 37741.0,
            "min": 37741.0,
            "max": 37741.0,
            "count": 1
        },
        "MoveToGoal.Step.mean": {
            "value": 49952.0,
            "min": 49952.0,
            "max": 49952.0,
            "count": 1
        },
        "MoveToGoal.Step.sum": {
            "value": 49952.0,
            "min": 49952.0,
            "max": 49952.0,
            "count": 1
        },
        "MoveToGoal.Policy.ExtrinsicValueEstimate.mean": {
            "value": 12.071834564208984,
            "min": 12.071834564208984,
            "max": 12.071834564208984,
            "count": 1
        },
        "MoveToGoal.Policy.ExtrinsicValueEstimate.sum": {
            "value": 12832.3603515625,
            "min": 12832.3603515625,
            "max": 12832.3603515625,
            "count": 1
        },
        "MoveToGoal.Environment.CumulativeReward.mean": {
            "value": 129.4183908045977,
            "min": 129.4183908045977,
            "max": 129.4183908045977,
            "count": 1
        },
        "MoveToGoal.Environment.CumulativeReward.sum": {
            "value": 56297.0,
            "min": 56297.0,
            "max": 56297.0,
            "count": 1
        },
        "MoveToGoal.Policy.ExtrinsicReward.mean": {
            "value": 129.4183908045977,
            "min": 129.4183908045977,
            "max": 129.4183908045977,
            "count": 1
        },
        "MoveToGoal.Policy.ExtrinsicReward.sum": {
            "value": 56297.0,
            "min": 56297.0,
            "max": 56297.0,
            "count": 1
        },
        "MoveToGoal.Losses.PolicyLoss.mean": {
            "value": 0.026955621518815556,
            "min": 0.026955621518815556,
            "max": 0.026955621518815556,
            "count": 1
        },
        "MoveToGoal.Losses.PolicyLoss.sum": {
            "value": 0.10782248607526222,
            "min": 0.10782248607526222,
            "max": 0.10782248607526222,
            "count": 1
        },
        "MoveToGoal.Losses.ValueLoss.mean": {
            "value": 2416.095164457957,
            "min": 2416.095164457957,
            "max": 2416.095164457957,
            "count": 1
        },
        "MoveToGoal.Losses.ValueLoss.sum": {
            "value": 9664.380657831827,
            "min": 9664.380657831827,
            "max": 9664.380657831827,
            "count": 1
        },
        "MoveToGoal.Policy.LearningRate.mean": {
            "value": 0.00028458345513885004,
            "min": 0.00028458345513885004,
            "max": 0.00028458345513885004,
            "count": 1
        },
        "MoveToGoal.Policy.LearningRate.sum": {
            "value": 0.0011383338205554002,
            "min": 0.0011383338205554002,
            "max": 0.0011383338205554002,
            "count": 1
        },
        "MoveToGoal.Policy.Epsilon.mean": {
            "value": 0.19486114999999998,
            "min": 0.19486114999999998,
            "max": 0.19486114999999998,
            "count": 1
        },
        "MoveToGoal.Policy.Epsilon.sum": {
            "value": 0.7794445999999999,
            "min": 0.7794445999999999,
            "max": 0.7794445999999999,
            "count": 1
        },
        "MoveToGoal.Policy.Beta.mean": {
            "value": 0.004743571385000001,
            "min": 0.004743571385000001,
            "max": 0.004743571385000001,
            "count": 1
        },
        "MoveToGoal.Policy.Beta.sum": {
            "value": 0.018974285540000004,
            "min": 0.018974285540000004,
            "max": 0.018974285540000004,
            "count": 1
        },
        "MoveToGoal.IsTraining.mean": {
            "value": 1.0,
            "min": 1.0,
            "max": 1.0,
            "count": 1
        },
        "MoveToGoal.IsTraining.sum": {
            "value": 1.0,
            "min": 1.0,
            "max": 1.0,
            "count": 1
        }
    },
    "metadata": {
        "timer_format_version": "0.1.0",
        "start_time_seconds": "1715701612",
        "python_version": "3.10.12 | packaged by Anaconda, Inc. | (main, Jul  5 2023, 19:01:18) [MSC v.1916 64 bit (AMD64)]",
        "command_line_arguments": "C:\\Users\\0937786\\AppData\\Local\\miniconda3\\envs\\tp3_mlagents\\Scripts\\mlagents-learn --run-id=newRun",
        "mlagents_version": "1.1.0.dev0",
        "mlagents_envs_version": "1.1.0.dev0",
        "communication_protocol_version": "1.5.0",
        "pytorch_version": "2.2.2+cu121",
        "numpy_version": "1.23.5",
        "end_time_seconds": "1715701670"
    },
    "total": 57.21223519999694,
    "count": 1,
    "self": 10.007081499996275,
    "children": {
        "run_training.setup": {
            "total": 0.0196873000022606,
            "count": 1,
            "self": 0.0196873000022606
        },
        "TrainerController.start_learning": {
            "total": 47.185466399998404,
            "count": 1,
            "self": 0.05087350016765413,
            "children": {
                "TrainerController._reset_env": {
                    "total": 12.944307599998865,
                    "count": 1,
                    "self": 12.944307599998865
                },
                "TrainerController.advance": {
                    "total": 34.0919548998354,
                    "count": 3425,
                    "self": 0.04820629965979606,
                    "children": {
                        "env_step": {
                            "total": 23.238777700182254,
                            "count": 3425,
                            "self": 17.848393100251997,
                            "children": {
                                "SubprocessEnvManager._take_step": {
                                    "total": 5.359356499997375,
                                    "count": 3425,
                                    "self": 0.1496344001716352,
                                    "children": {
                                        "TorchPolicy.evaluate": {
                                            "total": 5.20972209982574,
                                            "count": 3114,
                                            "self": 5.20972209982574
                                        }
                                    }
                                },
                                "workers": {
                                    "total": 0.03102809993288247,
                                    "count": 3424,
                                    "self": 0.0,
                                    "children": {
                                        "worker_root": {
                                            "total": 33.15312969997831,
                                            "count": 3424,
                                            "is_parallel": true,
                                            "self": 20.389411299933272,
                                            "children": {
                                                "steps_from_proto": {
                                                    "total": 0.0002795000000332948,
                                                    "count": 1,
                                                    "is_parallel": true,
                                                    "self": 9.630000204197131e-05,